station_name,station_ids,first_id
Noble St & Milwaukee Ave,"13290, CHI00457",13290
Damen Ave & Charleston St,"13288, CHI00403",13288
Hoyne Ave & Balmoral Ave,"655, CHI00773",655
Rush St & Cedar St,"CHI00537, KA1504000133",KA1504000133
900 W Harrison St,"13028, CHI01748",13028
Wells St & Concord Ln,"CHI00396, TA1308000050",TA1308000050
Stony Island Ave & 64th St,"CHI00557, KA1503000021",KA1503000021
Fort Dearborn Dr & 31st St,"CHI00222, TA1307000048",TA1307000048
Leavitt St & Division St,"658, CHI00787",658
Stockton Dr & Wrightwood Ave,"13276, CHI00522",13276
Calumet Ave & 18th St,"13102, CHI02039",13102
LaSalle St & Illinois St,"13430, CHI00358",13430
Halsted St & Archer Ave,"CHI00426, TA1308000013",TA1308000013
Wells St & Hubbard St,"CHI00332, TA1307000151",TA1307000151
Halsted St & North Branch St,"CHI00632, KA1504000117",KA1504000117
Milwaukee Ave & Rockwell St,"13242, CHI00289",13242
Broadway & Ridge Ave,"15578, CHI00337",15578
Desplaines St & Kinzie St,"CHI00517, TA1306000003",TA1306000003
Harding Ave & 26th St,"21332, 332.0, CHI01822",332.0
Orleans St & Chestnut St (NEXT Apts),"620, CHI01251",620
Wells St & Walton St,"CHI00260, TA1306000011",TA1306000011
Clinton St & 18th St,"CHI00235, TA1307000044",TA1307000044
Larrabee St & North Ave,"CHI00297, TA1306000008",TA1306000008
Damen Ave & Grand Ave,"CHI00417, TA1308000006",TA1308000006
Damen Ave & Madison St,"13134, CHI00317",13134
Western Ave & Winnebago Ave,"13068, CHI00282",13068
Budlong Woods Library,"15585, CHI00350",15585
Kostner Ave & Adams St,"545, CHI01336",545
Troy St & North Ave,"15653, CHI00641",15653
Ellis Ave & 83rd St,"584, CHI00725",584
Cicero Ave & Flournoy St,"16912, CHI00543",16912
Keystone Ave & Montrose Ave,"CHI00643, KA1504000164",KA1504000164
Racine Ave & Washington Blvd,"654, CHI00791",654
Financial Pl & Ida B Wells Dr,"CHI00781, SL-010",SL-010
Baltimore Ave & 87th St,"20229, CHI00860",20229
Southport Ave & Clybourn Ave,"CHI00466, TA1309000030",TA1309000030
Ashland Ave & Augusta Blvd,"13248, CHI02012",13248
Clarendon Ave & Gordon Ter,"13379, CHI00455",13379
Oakley Ave & Irving Park Rd,"CHI00369, KA1504000158",KA1504000158
Rhodes Ave & 32nd St,"13215, CHI00328",13215
Big Marsh Park,"20232, CHI00858",20232
Francisco Ave & Montrose Ave,"446, CHI00951",446
Altgeld Gardens,"20212, CHI00849",20212
Clark St & Drummond Pl,"CHI00385, TA1307000142",TA1307000142
Indiana Ave & 40th St,"13083, CHI00256",13083
Yates Blvd & 75th St,"CHI00573, KA1503000024",KA1503000024
Doty Ave & 111th St,"20114, CHI00779",20114
Sheridan Rd & Noyes St (NU),"604, CHI01114",604
Long Ave & Belden Ave,"313, CHI01253",313
Halsted St & Wrightwood Ave,"CHI00504, TA1309000061",TA1309000061
Mies van der Rohe Way & Chestnut St,"15529, CHI00418",15529
Sheffield Ave & Fullerton Ave,"13060, CHI00225, TA1306000016",TA1306000016
Honore St & Division St,"CHI00269, TA1305000034",TA1305000034
Ashland Ave & Grace St,"13319, CHI00503",13319
Ashland Ave & Wrightwood Ave,"13296, CHI00276",13296
Wabash Ave & 9th St,"CHI00448, TA1309000010",TA1309000010
Wabash Ave & Roosevelt Rd,"CHI00524, TA1305000002",TA1305000002
Sheffield Ave & Wellington Ave,"CHI00274, TA1307000052",TA1307000052
Desplaines St & Jackson Blvd,"15539, CHI00518",15539
Southport Ave & Irving Park Rd,"CHI00481, TA1309000043",TA1309000043
Western Ave & Ardmore Ave,"464, CHI00936",464
Lincoln Ave & Fullerton Ave,"CHI00494, TA1309000058",TA1309000058
Clark St & Ida B Wells Dr,"CHI00216, TA1305000009",TA1305000009
Orleans St & Merchandise Mart Plaza,"CHI00367, TA1305000022",TA1305000022
Stetson Ave & South Water St,"CHI00432, TA1308000029",TA1308000029
California Ave & Montrose Ave,"15622, CHI00300",15622
Clinton St & Roosevelt Rd,"CHI00497, WL-008",WL-008
Green St & Washington Blvd,"13053, CHI00379",13053
Ashland Ave & Garfield Blvd,"16943, CHI00681",16943
Hoyne Ave & 34th St,"21337, 337, CHI01898",337
Clark St & Touhy Ave,"CHI00751, RP-007",RP-007
Ellis Ave & 53rd St,"CHI00585, KA1503000052",KA1503000052
Morgan St & 31st St,"CHI00431, TA1308000046",TA1308000046
Ashland Ave & Grand Ave,"13434, CHI00362",13434
Damen Ave & Wabansia Ave,"20.0, CHI00958",20.0
Clark St & Berwyn Ave,"CHI00530, KA1504000146",KA1504000146
Stony Island Ave & 67th St,"CHI00561, KA1503000023",KA1503000023
Kosciuszko Park,"15643, CHI00623",15643
McClurg Ct & Ohio St,"CHI00330, TA1306000029",TA1306000029
Paulina St & 18th St,"CHI00312, TA1307000159",TA1307000159
Wells St & Elm St,"CHI00540, KA1504000135",KA1504000135
DuSable Museum,"CHI00586, KA1503000075",KA1503000075
Laflin St & Cullerton St,"13307, CHI00352",13307
Kedzie Ave & 104th St,"20201, CHI00831",20201
LaSalle St & Jackson Blvd,"CHI00447, TA1309000004",TA1309000004
Richmond St & Lincoln Ave,"21452, 452, CHI01865",452
Lawndale Ave & 111th St,"20203, 893, CHI00802",20203
Morgan St & Pershing Rd,"16933, CHI00745",16933
Central Park Ave & Elbridge Ave,"15644, CHI00550",15644
Indiana Ave & 26th St,"CHI00237, TA1307000005",TA1307000005
Halsted St & 96th St,"20105, CHI02029",20105
Dearborn St & Monroe St,"CHI00405, TA1305000006",TA1305000006
California Ave & Fletcher St,"15642, CHI00616",15642
Larrabee St & Armitage Ave,"CHI00441, TA1309000006",TA1309000006
Western Ave & Berteau Ave,"438, CHI00927",438
Loomis St & 89th St,"20102, 201022, CHI00738",20102
Racine Ave & 13th St,"13165, CHI00228",13165
Western Ave & Roscoe St,"15634, CHI00614",15634
Kedzie Ave & Palmer Ct,"13292, CHI00442",13292
Delano Ct & Roosevelt Rd,"CHI00612, KA1706005007",KA1706005007
Desplaines St & Randolph St,"15535, CHI00370",15535
Damen Ave & Clybourn Ave,"13271, CHI00348",13271
Wabash Ave & Grand Ave,"CHI00313, TA1307000117",TA1307000117
Wolcott Ave & Polk St,"CHI00501, TA1309000064",TA1309000064
DuSable Lake Shore Dr & Diversey Pkwy,"CHI00493, TA1309000039",TA1309000039
Marine Dr & Ainslie St,"CHI00617, KA1504000171",KA1504000171
Lincoln Ave & Belle Plaine Ave,"CHI00464, TA1309000026",TA1309000026
California & 16th St,"426, CHI00897",426
Halsted St & Polk St,"CHI00359, TA1307000121",TA1307000121
Federal St & Polk St,"CHI01775, SL-008",SL-008
State St & 35th St,"CHI00343, TA1307000129",TA1307000129
Campbell Ave & Fullerton Ave,"15648, CHI00634",15648
Campbell Ave & Montrose Ave,"15623, CHI00214",15623
California Ave & Division St,"13256, CHI00340",13256
Loomis St & Lexington St,"13332, CHI00238",13332
Cottage Grove Ave & 111th Pl,"20131, CHI00842",20131
Morgan St & 18th St,"13163, CHI00479",13163
Paulina Ave & North Ave,"CHI00258, TA1305000037",TA1305000037
Greenview Ave & Diversey Pkwy,"13294, CHI00382",13294
Kedzie Ave & 24th St,"CHI00534, KA1504000086",KA1504000086
Narragansett Ave & School St,"397, CHI00911",397
Kedzie Ave & Lake St,"CHI00528, KA1504000106",KA1504000106
Broadway & Granville Ave,"15571, CHI00563",15571
Washtenaw Ave & Lawrence Ave,"CHI00217, KA1504000080",KA1504000080
Clark St & Schreiber Ave,"CHI00361, KA1504000156",KA1504000156
Kedzie Ave & Foster Ave,"CHI00651, KA1504000128",KA1504000128
Spaulding Ave & Division St,"15654, CHI00644",15654
Homan Ave & 65th St,"392, CHI00915",392
Central Ave & Roscoe St,"21396, 396, CHI01911",396
State St & 54th St,"646, CHI01078",646
Lake Park Ave & 56th St,"CHI00511, TA1309000063",TA1309000063
Halsted St & 35th St,"CHI00401, TA1308000043",TA1308000043
Wood St & Chicago Ave,"637, CHI01183",637
Morgan Ave & 14th Pl,"CHI00261, TA1306000002",TA1306000002
Campbell Ave & North Ave,"13257, CHI00341",13257
Lake Park Ave & 47th St,"812, CHI00366, TA1308000035",TA1308000035
Lincoln Ave & Roscoe St*,"CHI01837, chargingstx5",chargingstx5
Morgan St & Polk St,"CHI00372, TA1307000130",TA1307000130
Dodge Ave & Main St,"CHI02044, E011",E011
Calumet Park,"20224, CHI00853",20224
California Ave & Milwaukee Ave,"13084, CHI00307",13084
Fairfield Ave & Roosevelt Rd,"CHI00578, KA1504000102",KA1504000102
Kedzie Ave & Leland Ave,"CHI00639, KA1504000126",KA1504000126
Sheffield Ave & Waveland Ave,"CHI00310, TA1307000126",TA1307000126
Public Rack - Hoyne Ave & 110th Pl,"902, CHI01367",902
Kimball Ave & Belmont Ave,"CHI00577, KA150400009X",KA150400009X
Mason Ave & Belmont Ave,"473, CHI00941",473
Canal St & Madison St,"13341, CHI00498",13341
Sheffield Ave & Webster Ave,"CHI00507, TA1309000033",TA1309000033
Public Rack - Walden Pkwy & 103rd St,"693, CHI00981",693
Lincoln Ave & Balmoral Ave,"442, CHI00930",442
Rockwell St & Eastwood Ave,"CHI00581, KA1504000093",KA1504000093
Major Ave & Bloomingdale Ave,"308, CHI01196",308
Halsted St & 63rd St,"745, CHI00249, KA1503000055",KA1503000055
California Ave & 23rd Pl,"15689, CHI00660",15689
63rd St Beach,"15491, CHI00315",15491
Field Museum,"13029, CHI01749",13029
Keystone Ave & Fullerton Ave,"16010, CHI00663",16010
Martin Luther King Dr & 111th St,"20115, CHI00817",20115
Indiana Ave & 31st St,"CHI00436, TA1308000036",TA1308000036
Kedzie Ave & Harrison St,"CHI00569, KA1504000082",KA1504000082
Hampden Ct & Diversey Ave,"202480.0, CHI02007",202480.0
Ritchie Ct & Banks St,"CHI00544, KA1504000134",KA1504000134
Washtenaw Ave & Polk St,"420, CHI00906",420
Ridge Blvd & Touhy Ave,"CHI00793, RP-006",RP-006
Dearborn St & Erie St,"13045, CHI00295",13045
Elmwood Ave & Austin St,"598, CHI00739",598
Sacramento Ave & 25th St,"424, CHI00908",424
State St & 29th St,"13213, CHI00231",13213
Eggleston Ave & 92nd St,"20118, 707, CHI00819",20118
Ping Tom Park (East),"20260.0, CHI00822",20260.0
New St & Illinois St,"CHI00279, TA1306000013",TA1306000013
Greenview Ave & Fullerton Ave,"CHI00232, TA1307000001",TA1307000001
California Ave & Altgeld St,"15646, CHI00628",15646
St. Louis Ave & Balmoral Ave,"CHI00659, KA1504000161",KA1504000161
N Southport Ave & W Newport Ave,"20257.0, CHI00834",20257.0
Wallace St & 35th St,"CHI00387, TA1308000045",TA1308000045
State St & 95th St,"20104, CHI00748",20104
Fairbanks St & Superior St,"18003, CHI00697",18003
Chicago Ave & Sheridan Rd,"CHI02043, E008",E008
Sheridan Rd & Buena Ave,"CHI00468, TA1309000027",TA1309000027
Greenwood Ave & 47th St,"CHI00422, TA1308000002",TA1308000002
Knox Ave & Montrose Ave,"592, CHI00733",592
DuSable Lake Shore Dr & Wellington Ave,"CHI00255, TA1307000041",TA1307000041
Public Rack - Harold Washington Park,"766, CHI01073",766
University Library (NU),"605, CHI01208",605
May St & Cullerton St,"13331, CHI00284",13331
Leavitt St & Chicago Ave,"18058, CHI00713",18058
Campbell Ave & Irving Park Rd,"439, CHI00928",439
Walden Pkwy & 100th St,"20107, CHI00795",20107
State St & 19th St,"CHI00676, SL-013",SL-013
Long & Irving Park,"398, CHI00916",398
Public Rack - Laramie Ave & Grand Ave,"550, CHI01330",550
Commercial Ave & 83rd St,"CHI00485, TA1309000051",TA1309000051
Lavergne Ave & 46th St,"399, CHI00890",399
Chicago State University,"20106, CHI00767",20106
Francisco Ave & Hollywood Ave,"460, CHI00935",460
Clark St & Elmdale Ave,"CHI00631, KA1504000148",KA1504000148
Wabash Ave & 16th St,"CHI00604, SL-012",SL-012
Public Rack - Kenton Ave & Palmer St,"516, CHI01119",516
Stave St & Armitage Ave,"13266, CHI00412",13266
Oak Park & Wellington,"318, CHI00796",318
Warren Park West,"CHI00602, RP-001",RP-001
Aberdeen St & Randolph St,"18062, CHI00715",18062
Wentworth Ave & 35th St,"CHI02033, KA1503000005",KA1503000005
Kilpatrick Ave & Parker Ave,"358, CHI00892",358
Public Rack - Lowell Ave & Elston Ave,"497, CHI01036",497
Western Blvd & 48th Pl,"594, CHI00735",594
Kedzie Ave & 48th Pl,"21382, 382, CHI01767",382
Leavitt St & North Ave,"CHI00428, TA1308000005",TA1308000005
Shabbona Park,"21395, 395, CHI01914",395
Valli Produce - Evanston Plaza,"599, CHI00977",599
Damen Ave & Cortland St,"13133, CHI00388",13133
Racine Ave & 35th St,"15446, CHI00456",15446
Canal St & Jackson Blvd,"13138, CHI00521",13138
Yates Blvd & 93rd St,"20237, CHI00856",20237
Seeley Ave & Garfield Blvd,"557, CHI01048",557
Manor Ave & Leland Ave,"CHI00633, KA1504000127",KA1504000127
Princeton Ave & Garfield Blvd,"CHI00762, KA1503000013",KA1503000013
Winthrop Ave & Lawrence Ave,"CHI00391, TA1308000021",TA1308000021
Pulaski Rd & 51st St,"21343, 343, CHI01876",343
Cottage Grove Ave & 51st St,"CHI00502, TA1309000067",TA1309000067
Burnham Greenway & 112th St,"20219, CHI00873",20219
Elizabeth St & 92nd St,"20119, CHI00821",20119
South Shore Dr & 74th St,"CHI00221, KA1503000020",KA1503000020
St. Louis Ave & Fullerton Ave,"CHI00219, KA1504000090",KA1504000090
Kedzie Ave & 57th St,"21346, 346, CHI01925",346
Walsh Park,"18067, CHI00716",18067
Western Ave & Grace St,"431, CHI00921, CHI02083",431
Milwaukee Ave & Cuyler Ave,"16991, CHI00692",16991
Rainbow Beach,"CHI00526, KA1503000049",KA1503000049
Stony Island Ave & South Chicago Ave,"577, CHI01203",577
Adler Planetarium,"13431, CHI00360",13431
Oakley Ave & Touhy Ave,"CHI00603, RP-004",RP-004
Public Rack - Eli Whitney Public School,"539, CHI00680",539
Stony Island Ave & 75th St,"CHI00565, KA1503000019",KA1503000019
Major Taylor Trail & 124th St,"20208, CHI00839",20208
Public Rack - Kedzie Ave & 64th St - SE,"755, CHI00973",755
Ashland Ave & Belle Plaine Ave,"13249, CHI00380",13249
Wood St & Taylor St (Temp),"13285, CHI00440",13285
Princeton Ave & 47th St,"CHI00804, KA1503000009",KA1503000009
Clybourn Ave & Division St,"CHI00344, TA1307000115",TA1307000115
Avenue O & 134th St,"20214, CHI00843",20214
Vernon Ave & 107th St,"20109, CHI00772",20109
Tripp Ave & 15th St,"21363, 363.0, CHI01980",363.0
Millard Ave & 26th St,"CHI00589, KA1504000110",KA1504000110
Public Rack - Monticello Ave & Belmont Ave,"500, CHI01277",500
Bissell St & Armitage Ave*,"CHI02022, chargingstx1",chargingstx1
Vincennes Ave & 104th St,"20124, CHI00861",20124
Sacramento Blvd & Franklin Blvd,"CHI00597, KA1504000113",KA1504000113
Dauphin Ave & 87th St,"20116, CHI00881",20116
Troy St & Jackson Blvd,"417, CHI00904",417
Rush St & Superior St,"15530, CHI00368",15530
Sangamon St & Washington Blvd,"13409, CHI00439",13409
Public Rack - Division St & Christiana Ave,"1054, CHI01506",1054
Sawyer Ave & Irving Park Rd,"CHI00579, KA1504000096",KA1504000096
Cottage Grove Ave & 47th St,"CHI00488, TA1309000053",TA1309000053
Public Rack - Spaulding Ave & North Ave,"510, CHI01124",510
Laramie Ave & Kinzie St,"530, CHI01122",530
Albany Ave & Bloomingdale Ave,"15655, CHI00645",15655
Ashland Ave & McDowell Ave,"16937, CHI00672",16937
Christiana Ave & Lawrence Ave,"15615, 860, CHI00302",15615
Kedzie Ave & Milwaukee Ave,"13085, CHI00378",13085
Central Ave & Chicago Ave,"16920, CHI00598",16920
Racine Ave & Garfield Blvd,"559, CHI01166",559
Southport Ave & Wrightwood Ave,"CHI00339, TA1307000113",TA1307000113
Calumet Ave & 51st St,"15470, 813, CHI00429",15470
Austin Blvd & Lake St,"16906, CHI00541",16906
Carpenter St & 63rd St,"18025, CHI00708",18025
Halsted St & Clybourn Ave,"331, CHI01161",331
Dorchester Ave & 49th St,"CHI00527, KA1503000069",KA1503000069
Oglesby Ave & 100th St,"20226, CHI00852",20226
Summit Ave & 86th St,"20101, CHI00728",20101
Public Rack - Lafayette Ave & 95th St,"621, CHI01172",621
Halsted St & 37th St,"CHI00415, TA1307000161",TA1307000161
Central Park Blvd & 5th Ave,"16907, CHI00542",16907
Cornell Ave & Hyde Park Blvd,"CHI02034, KA1503000007",KA1503000007
Spaulding Ave & Armitage Ave,"15650, CHI00635",15650
Ashland Ave & Blackhawk St,"13224, CHI00333",13224
Public Rack - Tripp Ave & North Ave,"1057, CHI01509",1057
Glenwood Ave & Touhy Ave,"525, CHI01143",525
Lamon Ave & Chicago Ave,"24205, 302, CHI01852",302
Phillips Ave & 79th St,"579, CHI00721",579
Loomis St & Archer Ave,"CHI00292, KA1503000040",KA1503000040
California Ave & 36th St,"21338, 338, CHI01875",338
Michigan Ave & 71st St,"651, CHI00799",651
Stony Island Ave & 90th St,"20236, CHI00850",20236
Kildare Ave & 47th St,"21401, 401, CHI01894",401
Peoria St & Jackson Blvd,"13158, CHI00402",13158
Buckingham Fountain,"15541, 15541.1.1, CHI02025",15541
Public Rack - Menard Ave & Agusta Blvd,"798, CHI01021",798
Phillips Ave & 83rd St,"582, CHI00723",582
Calumet Ave & 71st St,"15599, 728, CHI00293",15599
East End Ave & 87th St,"20231, 883, CHI00870",20231
Public Rack - Kedzie Ave & Argyle St,"491, CHI00966",491
Public Rack - Kimbark Ave & 67th St,"751, CHI01035",751
North Ave & New England Ave,"310, CHI01279",310
Central St & Girard Ave,"CHI02042, E007",E007
Stony Island Ave & 82nd St,"583, CHI00724",583
Karlov Ave & Madison St,"534, CHI01032",534
Latrobe Ave & Chicago Ave,"642, CHI01300",642
Cottage Grove Ave & 63rd St,"CHI00587, KA1503000054",KA1503000054
California Ave & Marquette Rd,"21390, 390, CHI01773",390
Kildare Ave & Chicago Ave,"21371, 371, CHI01887",371
Public Rack - Lockwood Ave & Diversey Ave,"964, CHI01438",964
Public Rack - Central Ave & Corcoran Pl,"793, CHI01140",793
Troy Ave & 27th St,"465, CHI00937",465
Clinton St & Polk St,"15542, CHI00458",15542
Sacramento Blvd & Addison St,"432, CHI00922",432
Marquette Ave & 89th St,"20239, CHI00871",20239
Halsted St & 51st St,"CHI00756, KA1503000010",KA1503000010
Franklin St & Jackson Blvd,"CHI02050, TA1305000025",TA1305000025
Cottage Grove Ave & 67th St,"CHI00582, KA1503000031",KA1503000031
Emerald Ave & 28th St,"CHI00373, TA1307000153",TA1307000153
Michigan Ave & Oak St,"13042, CHI00252",13042
Orleans St & Elm St,"CHI00263, TA1306000006",TA1306000006
Elston Ave & Cortland St,"CHI00259, TA1305000039",TA1305000039
Green St & Madison St,"CHI00347, TA1307000120",TA1307000120
Dusable Harbor,"CHI00531, KA1503000064",KA1503000064
Clinton St & Jackson Blvd,"638, CHI01091",638
Broadway & Barry Ave,"13137, CHI00390",13137
Cityfront Plaza Dr & Pioneer Ct,"13427, CHI00483",13427
Larrabee St & Oak St,"CHI00701, KA1504000116",KA1504000116
Jeffery Blvd & 71st St,"CHI00780, KA1503000018",KA1503000018
Damen Ave & Thomas St (Augusta Blvd),"CHI00296, TA1307000070",TA1307000070
Sheridan Rd & Irving Park Rd,"13063, CHI00304",13063
Richmond St & Diversey Ave,"15645, CHI00552",15645
Throop St & 52nd St,"556, CHI00696",556
McCormick Place,"CHI00607, TA1305000004",TA1305000004
California Ave & Byron St,"15628, CHI00535",15628
Clinton St & Tilden St,"13037, CHI01542",13037
Larrabee St & Menomonee St,"CHI00262, TA1306000007",TA1306000007
Dearborn Pkwy & Delaware Pl,"CHI00306, TA1307000128",TA1307000128
Clark St & Wrightwood Ave,"CHI00287, TA1305000014",TA1305000014
Clinton St & Lake St,"13021, CHI01746",13021
Ashland Ave & Division St,"13061, CHI00244",13061
Calumet Ave & 21st St,"15546, CHI00560",15546
Halsted St & 18th St,"13099, CHI00424",13099
Burnham Greenway & 105th St,"20222, CHI00863",20222
Public Rack - Kildare Ave & North Ave,"1058, CHI01510",1058
Harper Ave & 59th St,"CHI00584, KA1503000070",KA1503000070
Keeler Ave & Roosevelt Rd,"330.0, CHI01149",330.0
Austin Blvd & Madison St,"16918, CHI00596",16918
Elston Ave & George St,"472, CHI00940, CHI02084",472
Seeley Ave & Roscoe St,"13144, CHI00475",13144
Broadway & Thorndale Ave,"15575, CHI00571",15575
Washtenaw Ave & Peterson Ave,"458, CHI00934",458
Hale Ave & 107th St,"20108, CHI00794",20108
Michigan Ave & Lake St,"CHI00553, TA1305000011",TA1305000011
Central Park Ave & Bloomingdale Ave,"18017, CHI00702",18017
Damen Ave & Leland Ave,"CHI00381, TA1307000158",TA1307000158
Kenneth Ave & 50th St,"402, CHI00893",402
Springfield Ave & 47th St,"344, CHI00356",344
Public Rack - Kedzie Ave & Archer Ave,"836, CHI01297",836
Burling St & Diversey Pkwy,"13208, CHI00327, CHI00505, TA1309000036",TA1309000036
Western Ave & Gunnison St,"445, CHI00933",445
LaSalle Dr & Huron St,"CHI00640, KP1705001026",KP1705001026
Wolcott Ave & Fargo Ave,"519, CHI01266",519
Ogden Ave & Race Ave,"13194, CHI00229",13194
Constance Ave & 95th St,"20228, CHI00880",20228
Pine Grove Ave & Irving Park Rd,"13324, CHI00482, TA1308000022",TA1308000022
Central Ave & Lake St,"16905, CHI00539",16905
Albany Ave & 26th St,"15691, CHI00661",15691
Kildare Ave & Montrose Ave,"CHI00609, KA1706005015",KA1706005015
Rockwell St & Cermak Rd,"425, CHI00896",425
Eberhart Ave & 131st St,"20211, CHI00864",20211
Lincoln Ave & Addison St,"CHI00478, TA1309000050",TA1309000050
Ravenswood Ave & Irving Park Rd,"CHI00309, TA1307000149",TA1307000149
Ravenswood Ave & Lawrence Ave,"CHI00508, TA1309000066",TA1309000066
Public Rack - Kedzie Ave & 61st Pl E,"772, CHI00982",772
Francisco Ave & 47th St,"21381, 381, CHI01784",381
Central Park Ave & Douglas Blvd,"21329, 329.0, CHI01821",329.0
Ogden Ave & Roosevelt Rd,"CHI00580, KA1504000101",KA1504000101
Public Rack - Woodlawn Ave & 63rd St N,"951, CHI01419",951
Smith Park,"643, CHI01237",643
DuSable Lake Shore Dr & Belmont Ave,"CHI00480, TA1309000049",TA1309000049
Wilton Ave & Diversey Pkwy,"CHI00226, TA1306000014",TA1306000014
Clark St & Winnemac Ave,"CHI00495, TA1309000035",TA1309000035
Sheridan Rd & Argyle St,"13059, CHI00270",13059
California Ave & 26th St,"15692, CHI00662",15692
Avondale Ave & Irving Park Rd,"15624, CHI00215",15624
Cannon Dr & Fullerton Ave,"13124, CHI00314",13124
Kostner Ave & Wrightwood Ave,"23321, 321, CHI01816",321
State St & 76th St,"572, CHI01030",572
Kildare Ave & 26th St,"21365, 365.0, CHI01859",365.0
Conservatory Dr & Lake St,"518, CHI01170",518
Central Park Ave & North Ave,"15652, CHI00637",15652
St Louis Ave & 59th St,"21387, 387, CHI01851",387
Clarendon Ave & Leland Ave,"CHI00365, TA1307000119",TA1307000119
Canal St & Monroe St,"13056, CHI00398",13056
Western Ave & Lunt Ave,"CHI00801, RP-005",RP-005
Public Rack - Sacramento Ave & Devon Ave,"485, CHI00919",485
N Shore Channel Trail & Argyle St,"444, CHI00932",444
Torrence Ave & 126th Pl,"20217, CHI00841",20217
Milwaukee Ave & Grand Ave,"13033, CHI01750",13033
Francisco Ave & Bloomingdale Ave,"429, CHI00914",429
Artesian Ave & Hubbard St,"15664, CHI00647",15664
Exchange Ave & 79th St,"580, CHI00722",580
Public Rack - Jensen Park,"932, CHI01398",932
Jeffery Blvd & 67th St,"753, CHI00546, KA1503000030",KA1503000030
Augusta Blvd & Laramie Ave,"373, CHI00886",373
Dodge Ave & Mulford St,"662, CHI00798",662
Woodlawn Ave & 55th St,"CHI00423, TA1307000164",TA1307000164
Public Rack - Menard Ave & Grand Ave,"569, CHI00990",569
Public Rack - Avondale Ave & Addison St,"498, CHI01327",498
Calumet Ave & 33rd St,"13217, CHI00224",13217
Ada St & Washington Blvd,"13353, CHI00278",13353
Shields Ave & 43rd St,"CHI02047, KA1503000001",KA1503000001
Cottage Grove Ave & 83rd St,"585, CHI01254",585
State St & 79th St,"573, CHI00991",573
Houston Ave & 92nd St,"20242, CHI00832",20242
Loomis Blvd & 84th St,"20121, CHI00875",20121
Public Rack - Cicero Ave & Cortland St - midblock,"552, CHI01038",552
LaSalle St & Washington St,"13006, CHI01666",13006
Halsted St & 111th St,"20127, 875, CHI00956",20127
Ashland Ave & Archer Ave,"15442, CHI00363",15442
State St & Pershing Rd,"15449, CHI00491",15449
Calumet Ave & 35th St,"13345, CHI00355",13345
Public Rack - Western Ave & 110th St,"988, CHI01454",988
California Ave & Lake St,"15666, CHI00650",15666
MLK Jr Dr & 83rd St,"586, CHI01241",586
Southport Ave & Wellington Ave,"CHI00236, TA1307000006",TA1307000006
Public Rack - Penn Elementary School / KIPP Ascend Middle School,"531, CHI01171",531
Central Ave & Harrison St,"16915, CHI00594",16915
Vernon Ave & 79th St,"574, CHI01226",574
Public Rack - Bell Ave & 95th St,"698, CHI01220",698
Monticello Ave & Chicago Ave,"21301, 301, CHI02011",301
Central Park Ave & 24th St,"15687, CHI00658",15687
Ashland Ave & 63rd St,"16948, CHI00682",16948
Damen Ave & 59th St,"561, CHI00703",561
Public Rack - Western Blvd & 49th St,"821, CHI01227",821
Rockwell St & 57th St,"21386, 386, CHI01877",386
Virginia Ave & Catalpa Ave,"441, CHI00929",441
Lawndale Ave & 30th St,"21334, 334.0, CHI01882",334.0
Vernon Ave & 75th St,"571, CHI00712",571
Major Taylor Trail & 115th St,"20207, CHI00862",20207
Homewood Ave & 115th St,"20206, CHI00866",20206
W 103rd St & S Avers Ave,"20202, CHI00820",20202
Kilbourn Ave & Milwaukee Ave,"16994, CHI00694",16994
Eastlake Ter & Howard St,"523, CHI01097",523
Panama Ave & Grace St,"21394, 394, CHI01891",394
Perry Ave & 69th St,"CHI00554, KA1503000047",KA1503000047
Pine Grove Ave & Waveland Ave,"CHI00354, TA1307000150",TA1307000150
LaSalle St & Adams St,"CHI00451, KA1503000034",KA1503000034
Greenwood Ave & 91st St,"20235, CHI00845",20235
Mies van der Rohe Way & Chicago Ave,"13338, CHI00470",13338
Ogden Ave & Chicago Ave,"CHI00275, TA1305000020",TA1305000020
Sedgwick St & Huron St,"CHI00241, TA1307000062",TA1307000062
Greenwood Ave & 79th St,"576, CHI01031",576
Public Rack - Laramie Ave & Fullerton Ave,"549, CHI00690",549
Public Rack - Milwaukee Ave & Haussen Ct,"505, CHI01135",505
Larrabee St & Division St,"CHI00575, KA1504000079",KA1504000079
Homan Ave & Fillmore St,"364.0, CHI00898",364.0
Damen Ave & 74th St,"16951, CHI00688",16951
Parkside Ave & Armitage Ave,"21354, 354, CHI01846",354
Public Rack - Milwaukee Ave & School St,"501, CHI01019",501
Public Rack - Cicero Ave & Roscoe St,"543, CHI01020",543
Ashland Ave & Pershing Rd,"16932, CHI00601",16932
State St & Pearson St,"CHI00271, TA1307000061",TA1307000061
Western Ave & Division St,"13241, CHI00375",13241
Ellis Ave & 60th St,"CHI00765, KA1503000014",KA1503000014
Sheridan Rd & Greenleaf Ave,"CHI00371, KA1504000159",KA1504000159
Aberdeen St & Monroe St,"13156, CHI00321",13156
Halsted St & Roosevelt Rd,"CHI00364, TA1305000017",TA1305000017
Field Blvd & South Water St,"15534, CHI00383",15534
Racine Ave & 18th St,"13164, CHI00277",13164
Central Ave & Parker Ave,"355, CHI00891",355
Franklin St & Lake St,"CHI00376, TA1307000111",TA1307000111
Central Park Ave & Ohio St,"369, CHI00884",369
Public Rack - Kostner Ave & Wrightwood Ave,"1018, CHI01473",1018
Sacramento Blvd & Polk St,"419, CHI00905",419
Public Rack - Karlov Ave & Milwaukee Ave,"863, CHI01236",863
Lamon Ave & Armitage Ave,"21357, 357, CHI01897",357
Western Ave & Leland Ave,"CHI00435, TA1307000140",TA1307000140
Damen Ave & Cullerton St,"13089, CHI00267",13089
Ogden Ave & Congress Pkwy,"13081, CHI00305",13081
Troy St & Grace St,"430, CHI00920",430
Ravenswood Ave & Berteau Ave,"CHI00471, TA1309000018",TA1309000018
Sheridan Rd & Loyola Ave,"CHI00752, RP-009",RP-009
Clark St & Elm St,"CHI00281, TA1307000039",TA1307000039
Halsted St & 73rd St,"20244, CHI00846",20244
Artesian Ave & 55th St,"21345, 345, CHI01923",345
Public Rack - Spaulding Ave & Evergreen Ave,"513, CHI01003",513
Public Rack - Spaulding Ave & Bryn Mawr Ave,"489, CHI00889",489
Fullerton & Monitor,"474, CHI00942",474
Logan Blvd & Elston Ave,"CHI00410, TA1308000031",TA1308000031
Leavitt St & Archer Ave,"CHI00319, KA1503000068",KA1503000068
Albany Ave & Belmont Ave,"434, CHI00924",434
Stewart Ave & 63rd St,"649, CHI01217",649
Public Rack - Ashland Ave & 76th St,"719, CHI01108",719
Lake Park Ave & 35th St,"CHI02032, KA1503000004",KA1503000004
Public Rack - Pulaski Rd & Armitage Ave,"517, CHI01213",517
Public Rack - Fullerton Ave & Narragansett Ave,"1011, CHI01466",1011
Halsted St & 78th St,"20233, CHI00857",20233
McClurg Ct & Erie St,"CHI00419, KA1503000041",KA1503000041
Clark St & North Ave,"13128, CHI00444",13128
Tripp Ave & 31st St,"21368, 368.0, CHI01862",368.0
Franklin St & Illinois St,"CHI00648, RN-",RN-
Public Rack - Austin Ave & Roscoe St,"560, CHI01043",560
Whipple St & Roosevelt Rd,"427, CHI00913",427
Wentworth Ave & 63rd St,"CHI00568, KA1503000025",KA1503000025
Public Rack - Milwaukee Ave & Addison St,"502, CHI01018",502
N Damen Ave & W Chicago Ave,"20255.0, CHI00882",20255.0
Public Rack - Prairie Ave & 47th St ,"814, CHI01200",814
Avers Ave & Belmont Ave,"15640, CHI00962",15640
Winchester (Ravenswood) Ave & Balmoral Ave,"CHI00630, KA1504000147",KA1504000147
Kedzie Ave & 45th St,"342, CHI01888",342
MLK Jr Dr & 29th St,"CHI00386, TA1307000139",TA1307000139
Sedgwick St & Webster Ave,"13191, CHI00487",13191
Wabash Ave & Cermak Rd,"CHI00621, TA1305000001",TA1305000001
Lincoln Ave & Sunnyside Ave,"CHI00425, TA1307000156",TA1307000156
Francisco Ave & Foster Ave,"CHI00638, KA1504000160",KA1504000160
Public Rack - Avers Ave & Archer Ave,"824, CHI01230",824
Canal St & Harrison St,"13326, CHI00489",13326
Public Rack - Avers Ave & Ogden Ave,"533, CHI01267",533
Prairie Ave & Garfield Blvd,"906, CHI00346, TA1307000160",TA1307000160
Ellis Ave & 58th St,"CHI00460, TA1309000011",TA1309000011
Wells St & Evergreen Ave,"CHI00393, TA1308000049",TA1308000049
Wells St & Huron St,"13064, CHI00294, TA1306000012",TA1306000012
Damen Ave & Chicago Ave,"13132, CHI00316",13132
Austin Blvd & Chicago Ave,"16921, CHI00600",16921
Central Park & Augusta Blvd,"370, CHI00510",370
Public Rack - Kostner Ave & Armitage Ave,"866, CHI01147",866
Public Rack - Lawndale Ave & 23rd St,"1070, CHI01522",1070
Public Rack - Washtenaw Ave & Devon Ave,"930, CHI01396",930
State St & Chicago Ave,"21544, CHI01772",21544
Dearborn St & Adams St,"CHI00438, TA1305000005",TA1305000005
Clark St & Montrose Ave,"CHI00562, KA1503000022",KA1503000022
Racine Ave & 65th St,"564, CHI00706",564
Avenue O & 118th St,"20218, CHI00868",20218
MLK Jr Dr & 47th St,"CHI00399, TA1308000007",TA1308000007
Hoyne Ave & 47th St,"CHI00572, KA1504000091",KA1504000091
Public Rack - Hyde Park Blvd & 53rd St,"767, CHI01101",767
DuSable Lake Shore Dr & North Blvd,"CHI00525, LF-005",LF-005
Wells St & Polk St,"CHI00606, SL-011",SL-011
Emerald Ave & 31st St,"CHI00486, TA1309000055",TA1309000055
South Shore Dr & 71st St,"CHI02048, KA1503000002",KA1503000002
Stony Island Ave & 71st St,"CHI00549, KA1503000045",KA1503000045
Central St Metra,"CHI02041, E006",E006
Public Rack - California Ave & Devon Ave - NE,"487, CHI00894",487
Racine Ave & Wrightwood Ave,"CHI00506, TA1309000059",TA1309000059
Public Rack - Sawyer Ave & Lawrence Ave,"861, CHI01012",861
Rockwell St & Fletcher St,"435, CHI00925, CHI02082",435
S Aberdeen St & W 106th St,"20126, CHI00807",20126
Public Rack - Rockwell Ave & Touhy Ave ,"480, CHI00953",480
Lawndale Ave & 16th St,"362.0, CHI00895",362.0
Public Rack - Champlain Ave & 65th St,"999, CHI01465",999
Fairfield Ave & 44th St,"21380, 380, CHI01790",380
Public Rack - Kolin Ave & Archer Ave,"831, CHI01184",831
Public Rack - Komensky Ave & 59th St,"776, CHI01133",776
Wilton Ave & Diversey Pkwy*,"CHI02052, chargingstx0, chargingstx2",chargingstx0
Public Rack - Sawyer Ave & Bryn Mawr Ave - SE,"857, CHI00984",857
Public Rack - Wabash Ave & 87th St,"644, CHI01074",644
Public Rack - Western Ave & 92nd Pl,"702, CHI01221",702
Paulina St & Howard St,"515, CHI01214",515
Public Rack - Mt Greenwood Library N,"684, CHI01023",684
Union Ave & Root St,"CHI00248, KA1503000032",KA1503000032
Public Rack - King Dr & 115th St,"937, CHI01403",937
Lincoln Ave & Peterson Ave,"21462, 462, CHI01868",462
Public Rack - California Ave & Cortez St,"512, CHI01185",512
Elston Ave & Wabansia Ave,"CHI00500, TA1309000032",TA1309000032
Olive Harvey College,"20111, CHI00776",20111
Public Rack - Rockwell & Division,"1052, CHI01504",1052
Washtenaw Ave & Ogden Ave,"CHI00629, KA1504000109",KA1504000109
N Carpenter St & W Lake St,"20251.0, CHI00808",20251.0
Dayton St & North Ave,"13058, CHI00240",13058
Lakeview Ave & Fullerton Pkwy,"CHI00469, TA1309000019",TA1309000019
Halsted St & Dickens Ave,"13192, CHI00291",13192
N Green St & W Lake St,"20246.0, CHI00855",20246.0
Greenview Ave & Jarvis Ave,"520, CHI01287",520
Green St & Randolph St*,"CHI01988, chargingstx3",chargingstx3
Damen Ave & Division St,"13136, CHI00318",13136
Wolcott (Ravenswood) Ave & Montrose Ave,"CHI00357, TA1307000144",TA1307000144
Benson Ave & Church St,"596, CHI00737",596
Ashland Ave & 13th St,"13354, CHI00515",13354
Clark St & Lake St,"CHI00761, CHI02077, KA1503000012",KA1503000012
Montrose Harbor,"CHI00427, TA1308000012",TA1308000012
Glenwood Ave & Morse Ave,"CHI00613, KA1504000175",KA1504000175
Sheridan Rd & Columbia Ave,"660, CHI01050",660
Bradley Park,"20227, 633, CHI00854",20227
Hamlin Ave & 62nd Pl,"350, CHI00900",350
Torrence Ave & 106th St,"20221, CHI00867",20221
Lincoln Ave & Diversey Pkwy,"CHI00285, TA1307000064",TA1307000064
Western Ave & 24th St,"CHI00325, TA1309000003",TA1309000003
Theater on the Lake,"CHI00420, TA1308000001",TA1308000001
Broadway & Sheridan Rd,"13323, CHI00476",13323
Public Rack - Langley Ave & 79th St,"661, CHI01178",661
Millennium Park,"13008, CHI01742",13008
Orleans St & Hubbard St,"636, CHI00750",636
Cottage Grove Ave & Oakwood Blvd,"CHI00400, TA1308000038",TA1308000038
Broadway & Belmont Ave,"13277, CHI00239",13277
Dorchester Ave & 63rd St,"CHI00566, KA1503000046",KA1503000046
Sedgwick St & North Ave,"CHI00257, TA1307000038",TA1307000038
Leamington Ave & Hirsch St,"21307, 307, CHI00803",307
Sangamon St & Lake St,"CHI00242, TA1306000015",TA1306000015
Rockwell St & Archer Ave,"21379, 379, CHI01788",379
Wabash Ave & 83rd St,"587, CHI00729",587
Archer Ave & 43rd St,"341, CHI00213",341
Clark St & Grace St,"CHI00301, TA1307000127",TA1307000127
Meade Ave & Diversey Ave,"21353, 353, CHI01840",353
Morgan St & Lake St*,"CHI00878, chargingstx4",chargingstx4
Racine Ave & Congress Pkwy,"CHI00265, TA1306000025",TA1306000025
Clifton Ave & Armitage Ave,"CHI00421, TA1307000163",TA1307000163
Public Rack - Lorel Ave & Grand Ave,"935, CHI01401",935
Hegewisch Metra Station,"20215, CHI00876",20215
Halsted St & 47th Pl,"CHI00523, KA1503000051",KA1503000051
Kilbourn Ave & Irving Park Rd,"590, CHI01081",590
Eberhart Ave & 91st St,"20110, CHI00790",20110
Racine Ave & 61st St,"562, CHI00704",562
Public Rack - Midway Orange Line,"777, CHI01142",777
Public Rack - Western Ave & Devon Ave,"931, CHI01397",931
Meade Ave & Addison St,"21324, 324, CHI00874",324
Elston Ave & Henderson St,"433, CHI00923",433
Public Rack - Cicero Ave & North Ave,"551, CHI01168",551
Michigan Ave & 18th St,"13150, CHI00243",13150
Normal Ave & Archer Ave,"CHI00392, TA1308000014",TA1308000014
Stewart Ave & 83rd St,"20120, CHI00830",20120
Western Ave & Lake St,"24211, 415, CHI00903, CHI01848",415
Public Rack - May St & 78th St,"723, CHI01090",723
Wabash Ave & 87th St,"595, CHI00736",595
Halsted St & Willow St,"CHI00407, TA1307000166",TA1307000166
Shields Ave & 31st St,"CHI00556, KA1503000038",KA1503000038
Pulaski Rd & 60th St,"404, CHI00887",404
Wentworth Ave & 104th St,"20130, CHI00883",20130
Tripp Ave & 65th St,"21407, 407, CHI01867",407
Public Rack - Kedzie Ave & 61st Pl W,"1039, CHI01493",1039
Damen Ave & 51st St,"554, CHI01165",554
Halsted St & 56th St,"CHI00760, KA1503000011",KA1503000011
Public Rack - Pulaski Rd & 65th St,"1033, CHI01487",1033
Harlem Ave & Grace St,"21325, 325, CHI00865",325
Long Ave & Belmont Ave,"21317, 317, CHI00811",317
Public Rack - Emerald Ave & 45th St,"786, CHI01299",786
Pulaski Rd & Congress Pkwy,"535, CHI01136",535
Public Rack - Western Ave & 118th St,"900, CHI01365",900
Public Rack - Christiana Ave & Bryn Mawr Ave,"858, CHI01010",858
Public Rack - Independence Blvd & Roosevelt,"1063, CHI01515",1063
MLK Jr Dr & Pershing Rd,"13420, CHI02040",13420
Western Ave & Walton St,"CHI00576, KA1504000103",KA1504000103
Michigan Ave & Madison St,"13036, CHI01915",13036
Kedzie Ave & 21st St,"15686, CHI00656",15686
Wabash Ave & Adams St,"CHI00786, KA1503000015",KA1503000015
Clark St & Newport St,"18001, 632, CHI00674",632
Damen Ave & Melrose Ave,"13143, CHI00516",13143
Kingsbury St & Erie St,"13265, CHI02028",13265
Broadway & Argyle St,"13108, CHI00311",13108
Western Ave & Congress Pkwy,"15668, CHI00653",15668
W Armitage Ave & N Sheffield Ave,"20254.0, CHI00836",20254.0
Wood St & Hubbard St,"13432, CHI00499",13432
Lincoln Park Conservatory,"CHI00626, LP-",LP-
Canal St & Adams St,"13011, CHI01743",13011
Damen Ave & Wellington Ave,"13268, CHI00484",13268
Broadway & Waveland Ave,"13325, CHI00496",13325
N Paulina St & Lincoln Ave,"20253.0, CHI00833",20253.0
Streeter Dr & Grand Ave,"13022, CHI01747",13022
Kedzie Ave & George St,"436, CHI00926, CHI02085",436
Indiana Ave & Roosevelt Rd,"CHI00450, SL-005",SL-005
Damen Ave & Foster Ave,"CHI00625, KA1504000149",KA1504000149
Franklin St & Chicago Ave,"13017, CHI01745",13017
Canal St & Taylor St,"15550, CHI00532",15550
Albany Ave & Montrose Ave,"15621, CHI01768",15621
Western Ave & 21st St,"13091, CHI00308",13091
Michigan Ave & Washington St,"13001, CHI01677",13001
Talman Ave & Addison St,"15632, CHI00610",15632
Kimbark Ave & 53rd St,"CHI00490, TA1309000037",TA1309000037
Dearborn St & Van Buren St,"624, CHI01076",624
Michigan Ave & Ida B Wells Dr,"CHI00250, TA1305000010",TA1305000010
Larrabee St & Kingsbury St,"CHI00245, TA1306000009",TA1306000009
Sedgwick St & Schiller St,"CHI00303, TA1307000143",TA1307000143
Lakefront Trail & Bryn Mawr Ave,"15576, CHI00298, KA1504000152",15576
Throop St & Taylor St,"13139, CHI00389",13139
Racine Ave & Belmont Ave,"13230, CHI00411, TA1308000019",TA1308000019
Wood St & Milwaukee Ave,"13221, CHI00329",13221
Laramie Ave & Madison St,"540, CHI01276",540
State St & Van Buren St,"CHI00246, TA1305000035",TA1305000035
Michigan Ave & 8th St,"623, CHI01163",623
Franklin St & Monroe St,"CHI00449, CHI02078, TA1309000007",TA1309000007
State St & Randolph St,"CHI00251, TA1305000029",TA1305000029
Damen Ave & Sunnyside Ave,"CHI00459, TA1309000012",TA1309000012
Humboldt Blvd & Armitage Ave,"15651, CHI00636",15651
W Washington Blvd & N Peoria St,"20247.0, CHI00806",20247.0
Drake Ave & Montrose Ave,"CHI00227, KA1504000097",KA1504000097
Damen Ave & Pierce Ave,"CHI00254, CHI02057, TA1305000041",TA1305000041
Michigan Ave & Jackson Blvd,"CHI00452, TA1309000002",TA1309000002
Leavitt St & Armitage Ave,"CHI00467, TA1309000029",TA1309000029
Jefferson St & Monroe St,"CHI00513, WL-011",WL-011
Lincoln Ave & Winona St,"CHI00548, KA1504000078",KA1504000078
Sheffield Ave & Willow St,"CHI00264, TA1306000032",TA1306000032
Burnham Harbor,"15545, CHI00558",15545
Clark St & Bryn Mawr Ave,"CHI00608, KA1504000151",KA1504000151
St. Clair St & Erie St,"13016, CHI01744",13016
Southport Ave & Waveland Ave,"13235, CHI00336",13235
Troy St & Elston Ave,"15631, CHI00570",15631
Public Rack - Western Ave & Jarvis Ave,"483, CHI00948",483
Warren Park East,"CHI00620, RP-002",RP-002
Leavitt St & Belmont Ave,"CHI00615, KA17018068",KA17018068
Eckhart Park,"13289, CHI00349",13289
Public Rack - State ST & 42nd St,"958, CHI01417",958
Racine Ave & 15th St,"13304, CHI00434",13304
Western Ave & Monroe St,"15667, CHI00652",15667
Bosworth Ave & Howard St,"16806, CHI00664",16806
Wacker Dr & Washington St,"CHI01787, KA1503000072",KA1503000072
MLK Jr Dr & 56th St,"CHI00567, KA1503000073",KA1503000073
Claremont Ave & Hirsch St,"13245, CHI00404",13245
Central Ave & Madison St,"16916, CHI00595",16916
Public Rack - Washtenaw Ave & Superior St,"855, CHI01061",855
Komensky Ave & 31st St,"335.0, CHI02013",335.0
Lockwood Ave & Wrightwood Ave,"21312, 312, CHI00813",312
Clark St & Lunt Ave,"CHI00642, KA1504000162",KA1504000162
Halsted St & 104th St,"20125, CHI00829",20125
Daley Center Plaza,"CHI00253, CHI02079, TA1306000010",TA1306000010
Michigan Ave & Pearson St,"13034, CHI01751",13034
Southport Ave & Roscoe St,"13071, CHI00234",13071
Kedzie Ave & Roosevelt Rd,"15682, CHI00654",15682
Public Rack - Milwaukee Ave & Diversey Ave,"504, CHI01148",504
Cicero Ave & Lake St,"16903, CHI00665",16903
Lamon Ave & Belmont Ave,"316, CHI01006",316
Drake Ave & Addison St,"CHI00536, KA1504000142",KA1504000142
South Shore Dr & 67th St,"CHI00247, KA1503000029",KA1503000029
Kedzie Ave & Bryn Mawr Ave,"CHI00646, KA1504000167",KA1504000167
Campbell Ave & 51st St,"21383, 383, CHI01918",383
Prospect Sq & 91st St,"20103, CHI00740",20103
California Ave & North Ave,"13258, CHI00268",13258
Cottage Grove Ave & 43rd St,"CHI00445, TA1308000023",TA1308000023
Public Rack - Hamlin Ave & Montrose Ave,"492, CHI00967",492
Bernard St & Elston Ave,"18016, CHI00698",18016
Public Rack - Hamlin Ave & Fullerton Ave,"507, CHI01290",507
Prairie Ave & 43rd St,"CHI00545, KA1503000027",KA1503000027
Maplewood Ave & Peterson Ave,"CHI00592, KA1504000130",KA1504000130
Public Rack - Spaulding Ave & Foster Ave,"859, CHI00985",859
Woodlawn Ave & Lake Park Ave,"CHI00334, KA1503000065",KA1503000065
Jeffery Blvd & 76th St,"CHI00547, KA1503000028",KA1503000028
Public Rack - St Louis Ave & Berteau Ave,"493, CHI00968",493
Whipple/Irving Park,"475, CHI00943",475
Oketo Ave & Addison St,"21393, 393, CHI01819",393
Public Rack - Christiana Ave & Lawrence Ave,"860, CHI01015",860
Public Rack - Kostner Ave & Diversey Ave,"1019, CHI01474",1019
Halsted St & 59th St,"593, CHI00734",593
Komensky Ave & 55th St,"347, CHI00877",347
Ashland Ave & 50th St,"16940, CHI00679",16940
Eggleston Ave & 69th St,"650, CHI00771",650
Public Rack - Komensky Ave & 26th St,"1069, CHI01521",1069
Public Rack - King Dr & Oakwood Blvd,"956, CHI01430",956
Public Rack - Sawyer Ave & Bryn Mawr Ave - SW,"856, CHI00986",856
Public Rack - Karlov Ave & 26th St,"538, CHI01083",538
Maplewood Ave & 59th St,"389, CHI00909",389
Western Ave & 28th St,"CHI00618, KA1504000168",KA1504000168
University Ave & 57th St,"CHI00551, KA1503000071",KA1503000071
Western Ave & Howard St,"527, CHI00669",527
Lawler Ave & 50th St,"21400, 400, CHI01860",400
Eberhart Ave & 61st St,"CHI00220, KA1503000033",KA1503000033
Cottage Grove Ave & 71st St,"CHI02049, KA1503000003",KA1503000003
Public Rack - Marshfield Ave & 45th St,"840, CHI01128",840
Ewing Ave & Burnham Greenway,"20223, CHI00851",20223
Vincennes Ave & 75th St,"16953, CHI00689",16953
Public Rack - Drake Ave & Leland Ave,"933, CHI01399",933
Public Rack - Kimball Ave & Carmen Ave,"490, CHI00955",490
Public Rack - 111th St - Morgan Park Metra,"682, CHI01117",682
Ashland Ave & Chicago Ave,"13247, CHI00338",13247
California Ave & Cortez St,"17660, 512, CHI00700",17660
Broadway & Wilson Ave,"13074, CHI00272",13074
Clark St & Leland Ave,"CHI00461, TA1309000014",TA1309000014
Broadway & Berwyn Ave,"13109, CHI00414",13109
Ashland Ave & Wellington Ave,"13269, CHI00408",13269
Broadway & Cornelia Ave,"13278, CHI00430",13278
Sheridan Rd & Lawrence Ave,"CHI00492, TA1309000041",TA1309000041
Clark St & Columbia Ave,"CHI00754, RP-008",RP-008
Public Rack - Loomis St & 87th St,"641, CHI01335",641
Southport Ave & Belmont Ave,"13229, CHI00335",13229
Racine Ave & Randolph St,"13155, CHI00320",13155
DuSable Lake Shore Dr & Monroe St,"13300, CHI00374",13300
Chicago Ave & Washington St,"CHI02038, E002",E002
Central Park Ave & Ogden Ave,"15685, 532, CHI00655",15685
Paulina St & Montrose Ave,"CHI00463, TA1309000021",TA1309000021
California Ave & Winona St,"443, CHI00931",443
Leavitt St & Lawrence Ave,"CHI00472, TA1309000015",TA1309000015
State St & 33rd St,"13216, CHI00223",13216
Lake Park Ave & 53rd St,"CHI00559, KA1503000059",KA1503000059
Spaulding Ave & 16th St,"21366, 366.0, CHI01870",366.0
Wentworth Ave & 33rd St,"15445, CHI00519",15445
Columbus Dr & Randolph St,"13263, CHI00345",13263
Lincoln Ave & Waveland Ave,"13253, CHI00446",13253
May St & Taylor St,"13160, CHI00322",13160
Clinton St & Washington Blvd,"CHI00509, WL-012",WL-012
Halsted St & 21st St,"13162, CHI00323",13162
California Ave & 21st St,"13096, CHI00397",13096
Wilton Ave & Belmont Ave,"CHI00353, TA1307000134",TA1307000134
Leavitt St & Addison St,"CHI00529, KA1504000143",KA1504000143
Winchester Ave & Elston Ave,"CHI00599, KA1504000140",KA1504000140
Milwaukee Ave & Fullerton Ave,"428, CHI00918, CHI02075",428
Elizabeth St & 47th St,"553, CHI00693",553
Michigan Ave & 14th St,"CHI00342, TA1307000124",TA1307000124
Lakefront Trail & Wilson Ave,"639, CHI01209",639
Wells St & 19th St,"CHI00782, SL-006",SL-006
Archer (Damen) Ave & 37th St,"18022, CHI00705",18022
Fairbanks Ct & Grand Ave,"CHI00605, TA1305000003",TA1305000003
Clark St & 9th St (AMLI),"CHI01776, SL-009",SL-009
Clark St & Schiller St,"CHI00462, TA1309000024",TA1309000024
Wabash Ave & Wacker Pl,"CHI00416, TA1307000131",TA1307000131
Carpenter St & Huron St,"13196, CHI00286",13196
Clinton St & Madison St,"CHI00233, TA1305000032",TA1305000032
Shore Dr & 55th St,"CHI00394, TA1308000009",TA1308000009
Clark St & Chicago Ave,"13303, CHI00351",13303
Elizabeth St & Fulton St,"13197, CHI00280",13197
Southport Ave & Clark St,"CHI00433, TA1308000047",TA1308000047
Sheffield Ave & Kingsbury St,"13154, CHI02023",13154
Clarendon Ave & Junior Ter,"13389, CHI00395",13389
Clark St & Lincoln Ave,"13179, CHI00413",13179
Pulaski Rd & Lake St,"528, CHI00670",528
Halsted St & Maxwell St,"CHI00437, TA1309000001",TA1309000001
Paulina St & Flournoy St,"CHI00627, KA1504000104",KA1504000104
Cherry Ave & Blackhawk St,"18069, CHI00718",18069
Blue Island Ave & 18th St,"13135, CHI00443",13135
Kingsbury St & Kinzie St,"CHI00299, KA1503000043",KA1503000043
Larrabee St & Webster Ave,"13193, CHI00454",13193
State St & Harrison St,"CHI01774, SL-007",SL-007
Loomis St & Jackson Blvd,"13206, CHI00230",13206
State St & Kinzie St,"13050, CHI00288",13050
2112 W Peterson Ave,"CHI00611, KA1504000155",KA1504000155
Ellis Ave & 55th St,"CHI00583, KA1504000076",KA1504000076
Western Ave & Granville Ave,"CHI00590, KA1504000129",KA1504000129
Public Rack - Pulaski Rd & Fullerton Ave,"508, CHI01001",508
Wood St & Webster Ave,"CHI00331, TA1307000138",TA1307000138
Ashland Ave & Lake St,"13073, CHI00384",13073
Sacramento Blvd & Fulton Ave,"414, CHI00902",414
Hermitage Ave & Polk St,"13080, CHI00283",13080
Public Rack - Hyde Park Blvd & 55th St,"768, CHI01150",768
Malcolm X College,"631, CHI00746",631
Kildare Ave & 55th St,"21403, 403, CHI01861",403
Public Rack - Keystone Ave & Irving Park Rd,"495, CHI00970",495
Western Ave & 104th St,"20123, CHI00859",20123
Kedzie Ave & Chicago Ave,"CHI00657, KA1504000114",KA1504000114
Public Rack - Cicero Ave & Altgeld St,"548, CHI01121",548
Roscoe & Harlem,"319, CHI01009",319
Public Rack - Nagle Ave & Belmont Ave,"810, CHI00994",810
Kenton Ave & Madison St,"537, CHI00678",537
Public Rack - Lawndale Ave & Diversey Ave,"506, CHI01098",506
Rockwell St & 63rd St,"391, CHI00917",391
Wood St & 35th St,"CHI00326, KA1503000066",KA1503000066
Public Rack - Mozart Elementary School,"509, CHI01144",509
Michigan Ave & 114th St,"20243, CHI00823",20243
Public Rack - Laramie Ave & Belmont Ave,"544, CHI00685",544
Public Rack - Woodlawn Ave & 63rd St S,"950, CHI01416",950
Kedzie Ave & 110th St,"20204, CHI00818",20204
Indiana Ave & 103rd St,"20112, CHI00747",20112
Dauphin Ave & 103rd St,"20113, CHI00753",20113
Damen Ave & Pershing Rd,"546, CHI01139",546
Public Rack - South Shore Dr & 71st St,"948, CHI01422",948
Public Rack - Jonathan Y Scammon Public School,"503, CHI01285",503
Public Rack - Avers Ave & Irving Park Rd,"494, CHI00969",494
South Chicago Ave & 83rd St,"588, CHI00730",588
Public Rack - Campbell Ave & Pratt Blvd,"929, CHI01395",929
Albany Ave & Douglas Blvd,"21421, 421, CHI01869",421
Public Rack - Eberhart Ave & 61st St,"955, CHI01411",955
Evans Ave & 75th St,"570, CHI00711",570
Public Rack - Cicero Ave & Wrightwood Ave,"547, CHI00972",547
Bennett Ave & 79th St,"16970, CHI00691",16970
Rhodes Ave & 71st St,"652, CHI00789",652
Public Rack - Pulaski & 52nd,"830, CHI01291",830
Halsted St & 69th St,"15597, CHI00218",15597
Cicero Ave & Quincy St,"16913, CHI00591",16913
MLK Jr Dr & 63rd St,"CHI00564, KA1503000053",KA1503000053
Public Rack - Western Ave & 47th Pl,"1048, CHI01502",1048
Commercial Ave & 130th St,"20213, CHI00828",20213
Clyde Ave & 87th St,"20230, CHI00835",20230
Richmond St & 59th St,"21388, 388, CHI01824",388
Cottage Grove Ave & 78th St,"575, CHI01104",575
Public Rack - California Ave & Devon Ave - NW,"486, CHI00950",486
Public Rack - Forrestville Ave & 47th St,"815, CHI01229",815
Lincolnwood Dr & Central St,"CHI02045, E014",E014
Public Rack - Evans Ave & 63rd St,"749, CHI01293",749
Ashland Ave & 66th St,"16950, CHI00683",16950
Public Rack - Halsted St & 95th St - SE,"627, CHI01306",627
Kostner Ave & Lake St,"536, 851, CHI00677",536
Public Rack - Kedzie Ave & 64th St - SW,"760, CHI01087",760
Kostner Ave & 63rd St,"21406, 406, CHI01893",406
Public Rack - Calumet Ave & 51st St,"813, CHI01310",813
Commercial Ave & 100th St,"20225, CHI00840",20225
Public Rack - Ashland Ave & 45th St,"843, CHI00983",843
State St & 123rd St,"20210, CHI00838",20210
Mozart St & Jackson Blvd,"21418, 418, CHI01866",418
S Michigan Ave & E 118th St,"20209, CHI00848",20209
Long Ave & North Ave,"21375, 375, CHI01886",375
Public Rack - Kedzie Ave & 63rd St,"757, CHI01298",757
Public Rack - Mackinaw Ave & 106th St,"614, CHI01250",614
Public Rack - Rockwell & 111th St,"677, CHI01052",677
Ashland Ave & 78th St,"20234, CHI00957",20234
May St & 69th St,"567, CHI01205",567
Public Rack - Western Ave & 100th St,"695, CHI01322",695
Public Rack - St Louis Ave & Flournoy St,"1066, CHI01518",1066
Public Rack - Halsted St & 95th St - SW,"626, CHI00996",626
Public Rack - Narragansett Ave & Fullerton Ave,"566, CHI01181",566
Public Rack - Central Park Ave & Fillmore St,"524, CHI01095",524
Public Rack - Nordica Ave & Addison St,"811, CHI01204",811
Public Rack - Kildare Ave & Washignton Blvd,"852, CHI01252",852
Public Rack - Chopin Park,"542, CHI01002",542
Public Rack - Komensky Ave & 63rd St,"1031, CHI01485",1031
Public Rack - Wood St & 103rd St,"694, CHI01323",694
Public Rack - Western Ave & 111th St - SW,"679, CHI00975",679
Lavergne Ave & Division St,"21304, 304, CHI00847",304
Menard Ave & North Ave,"376, CHI00910",376
Public Rack - Jeffrey Blvd & 71st St,"736, CHI01268",736
Public Rack - N Sayre Ave & W Belden Ave,"802, CHI01160",802
Public Rack - Kedvale Ave & Avondale Ave,"496, CHI01037",496
Public Rack - Kedzie Ave & 54th St - SE,"823, CHI01275",823
Public Rack - Whipple St & 63rd St,"1028, CHI01482",1028
California Ave & 29th St,"466, CHI00938",466
Public Rack - Talman Ave & 51st St,"822, CHI01228",822
Public Rack - Kedzie Ave & 62nd Pl,"1038, CHI01492",1038
Public Rack - Walden Pkwy & 99th St,"904, CHI01369",904
Public Rack - Ashland Ave & 71st St,"742, CHI01025",742
Public Rack - Marquette Rd & 67th St,"998, CHI01464",998
Public Rack - Western Ave & 111th St - NW,"681, CHI01295",681
Public Rack - Racine Ave & 74th St,"722, CHI01182",722
Public Rack - Kedvale Ave & 63rd St W,"1032, CHI01486",1032
Public Rack - Calumet Ave & Garfield Blvd,"907, CHI01372",907
Ashland Ave & 74th St,"20245, CHI00809",20245
Shields Ave & 28th Pl,"15443, CHI00514",15443
Shedd Aquarium,"15544, CHI00533",15544
Sheffield Ave & Wrightwood Ave,"CHI00465, TA1309000023",TA1309000023
Sheridan Rd & Montrose Ave,"CHI00290, TA1307000107",TA1307000107
Monticello Ave & Irving Park Rd,"CHI00593, KA1504000139",KA1504000139
Clark St & Armitage Ave,"13146, CHI00474",13146
Rush St & Hubbard St,"CHI00555, KA1503000044",KA1503000044
Wood St & Augusta Blvd,"657, CHI00788",657
Aberdeen St & Jackson Blvd,"13157, CHI00406",13157
Halsted St & Roscoe St,"13127, CHI00473, TA1309000025",TA1309000025
Kilpatrick Ave & Grand Ave,"21374, 374, CHI01889",374
Dodge Ave & Church St,"600, CHI00741",600
Clark St & Wellington Ave,"CHI00377, TA1307000136",TA1307000136
Blackstone Ave & Hyde Park Blvd,"13398, CHI00520",13398
Kedzie Ave & 52nd St,"21384, 384, CHI01849",384
Public Rack - Christiana Ave & Belmont Ave,"499, CHI01278",499
Greenwood Ave & 97th St,"20238, CHI00879",20238
Public Rack - Pulaski Rd & 44th St,"833, CHI01272",833
Public Rack - Legler Regional Library,"526, CHI01265",526
Public Rack - Kedzie Ave & Chicago Ave,"1055, CHI01507",1055
Albany Ave & 16th St,"422, CHI00907",422
Western Ave & 111th St,"20205, CHI00872",20205
Public Rack - Kedzie Ave & 58th St,"775, CHI01289",775
South Chicago Ave & Elliot Ave,"665, CHI01315",665
Public Rack - Prairie Ave & Garfield Blvd N,"954, CHI01433",954
Public Rack - Pulaski Rd & Grenshaw St,"1067, CHI01519",1067
Kildare & Cermak,"333.0, CHI01374",333.0
Public Rack - Chase Ave & Touhy Ave - NE,"482, CHI00954",482
Public Rack - Rutherford Ave & Belmont Ave,"808, CHI01199",808
Public Rack - Halsted St & 63rd St,"745, CHI01247",745
Public Rack - Ashland Ave & 45th St  S,"845, CHI01259",845
Public Rack - Laflin St & 51st St,"915, CHI01381",915
Public Rack - Stony Island & 95th St,"701, CHI01126",701
Public Rack - Emerald Ave & 43rd St,"911, CHI01377",911
Public Rack - Exchange Ave & 73rd Pl,"947, CHI01413",947
Public Rack - Kedzie & 103rd St - W,"686, CHI01065",686
Wells St & Institute Pl,"22001, CHI01928",22001
Public Rack - 532 E 43rd St,"913, CHI01379",913
Public Rack - Green St & 103rd St,"878, CHI01345",878
Public Rack - Mackinaw Ave & 108th St,"611, CHI00759",611
Public Rack - Neva Ave & Grand Ave,"805, CHI01027",805
Steelworkers Park,"20241, 24394, CHI01962",20241
Wentworth Ave & Cermak Rd*,"CHI02021, chargingstx07",chargingstx07
Woodlawn Ave & 58th St,"22002, CHI01996",22002
Monticello Ave & Lawrence Ave,"23108, CHI01777",23108
Lincoln Ave & Melrose St,"CHI00477, TA1309000042",TA1309000042
Halsted St & Fulton St,"23003, CHI01880",23003
Elizabeth St & Randolph St,"23001, CHI01903",23001
Streeter Dr/Grand Ave,"CHI00588, PI00002",PI00002
Western Ave & Fillmore St,"644, CHI00768",644
Ridge Blvd & Howard St,"514, CHI01041",514
Clark St & Jarvis Ave,"517, CHI01212",517
University Ave & 59th St,"22003, CHI01913",22003
Fairfield Ave & Pratt Blvd,"24148, CHI01780",24148
Leavitt St/North Ave,"CHI00649, PI00003",PI00003
Springfield Ave & North Ave,"23191, CHI01826",23191
Racine Ave & Fullerton Ave,"CHI00273, TA1306000026",TA1306000026
St Louis Ave & Foster Ave,"23112, CHI01539",23112
Lincoln Ave & Byron St,"23002, CHI01879",23002
Public Rack - Milwaukee Ave & Culyer Ave,"1110.0, CHI01570",1110.0
Public Rack - Kostner & Peterson,"1213.0, CHI01704",1213.0
Public Rack - Kedvale Ave & Peterson Ave,"1147.0, CHI01607",1147.0
California Ave & Touhy Ave,"24151, CHI01834",24151
21st St & Pulaski Rd,"21331, CHI01823",21331
Public Rack - Cicero Ave & Belle Plaine Ave,"1108.0, CHI01568",1108.0
Public Rack - Melvina & Foster,"1200.0, CHI01717",1200.0
Kostner Ave & Bryn Mawr Ave,"24153, CHI01818",24153
Pulaski Rd & Eddy St,"CHI00538, KA1504000141",KA1504000141
Public Rack - Lavergne Ave & Belle Plaine Ave,"1111.0, CHI01571",1111.0
McCormick Blvd & Devon Ave,"23101, 488, CHI01881",23101
Kilbourn Ave & Roscoe St,"21360, CHI01857",21360
Evanston Civic Center,"661, CHI01222",661
Central Park Ave & Washington Blvd,"23210, CHI01808",23210
Karlov Ave & Lawrence Ave,"23107, CHI01800",23107
Lavergne Ave & Fullerton Ave,"21356, CHI01850",21356
Laramie Ave & Gladys Ave,"543, CHI00684",543
Wentworth Ave & 24th St,"CHI00409, TA1308000026",TA1308000026
Karlov Ave & Armitage Ave,"23190, CHI01825",23190
Public Rack - Kenton & Lawrence,"1223.0, CHI01690",1223.0
Drexel Ave & 60th St,"22005, CHI01902",22005
Keeler Ave & Carmen Ave,"23110, CHI00959",23110
Damen Ave & 81st St,"23120, CHI01545",23120
Kenosha Ave & Wellington Ave,"21361, CHI01858",21361
Sacramento Ave & Lunt Ave,"24149, CHI01779",24149
Francisco Ave & 85th St,"23119, CHI01546",23119
Public Rack - Lake Park Ave & 44th St,"787, CHI01130",787
Public Rack - Touhy Ave & Oconto Ave,"1172.0, CHI01629",1172.0
Public Rack - Prairie Ave & Garfield Blvd S,"906, CHI01371",906
Kostner Ave & Belmont Ave,"23172, CHI01765",23172
Public Rack - Greenwood Ave & Lake Park Ave,"788, CHI01283",788
Kedzie Ave & Redfield Dr,"23139, CHI01795",23139
Public Rack - Avers & Lawrence,"1226.0, CHI01669",1226.0
Kenneth Ave & Lawrence Ave,"23106, CHI01945",23106
Dan Ryan Woods & 83rd St,"23123, CHI01778",23123
Public Rack - Lawrence Ave & Kimball Ave,"1132.0, CHI01592",1132.0
Public Rack - Bryn Mawr Ave & Spaulding Ave,"1150.0, CHI01610",1150.0
Public Rack - Natoma Ave & Bryn Mawr Ave,"1140.0, CHI01600",1140.0
Marmora Ave & Irving Park Rd,"23162, CHI01804",23162
Public Rack - Nagel & Higgins,"1199.0, CHI01738",1199.0
Damen Ave & 33rd St,"471, CHI00939",471
Public Rack - Monticello & Lawrence,"1227.0, CHI01688",1227.0
Artesian Ave & 71st St,"23141, CHI01770",23141
Public Rack - Peterson Park,"1277.0, CHI01735",1277.0
Public Rack - Minuteman Park,"1090.0, CHI01550",1090.0
Public Rack - Hollywood Park,"1276.0, CHI01734",1276.0
Public Rack - Pulaski & Rosemont,"1214.0, CHI01699",1214.0
Kedzie Ave & 66th Pl,"23143, CHI01785",23143
Mango Ave & Diversey Ave,"23175, CHI01762",23175
Public Rack - Leoti Ave & Central Ave (south),"1167.0, CHI01624",1167.0
Pershing Rd & Sacramento Ave,"21339, CHI00912",21339
Harding Ave & Chicago Ave,"24207, CHI01853",24207
Public Rack - 63rd Pl & Narraganssett Ave,"1085.0, CHI01537",1085.0
Public Rack - Avenue J & 106th St,"615, CHI01103",615
Public Rack - Richard Daley College,"1279.0, CHI01676",1279.0
Public Rack - Kinzua Ave & Devon Ave,"1161.0, CHI01618",1161.0
Cicero Ave & Wrightwood Ave,"23180, 547, CHI01763",23180
Public Rack - Kimball Ave & Lawrence Ave,"1134.0, CHI01594",1134.0
Public Rack - Forest Glen & Peterson,"1212.0, CHI01714",1212.0
Public Rack - Milwaukee Ave & Pensacola Ave,"1112.0, CHI01572",1112.0
Public Rack - Jeffery Blvd & 67th St,"753, CHI00974",753
Kildare Ave & North Ave,"23192, CHI01827",23192
Public Rack - Milwaukee Ave & Warner Ave,"1107.0, CHI01567",1107.0
Public Rack - Austin & Higgins,"1201.0, CHI01715",1201.0
Springfield Ave & 71st St,"23137, CHI01796",23137
Kildare Ave & Division St,"21303, 303, CHI00824",21303
Public Rack - Cumberland & Catherine,"1182.0, CHI01639",1182.0
Marshfield Ave & 59th St,"560, CHI01045",560
Laramie Ave & Addison St,"23167, CHI01789",23167
St Louis Ave & Norman Bobbins Pl,"21385, CHI01845",21385
Public Rack - Normal Blvd & 61st Pl,"908, CHI01373",908
Public Rack - Throop St & 58th St,"770, CHI01132",770
Public Rack - Halsted St & 113th St,"973, CHI01409",973
Public Rack - Holbrook St & Milwaukee Ave,"1141.0, CHI01601",1141.0
Public Rack - Central Ave & Lawrence Ave,"1119.0, CHI01579",1119.0
Public Rack - Aida Food Market,"888, CHI01355",888
Blackstone Ave & 59th St,"22004, CHI01806",22004
Kedzie Ave & 73rd St,"23136, CHI01802",23136
Central Ave & Altgeld St,"23182, CHI01760",23182
Public Rack - Laramine Ave & Winnemac Ave,"1126.0, CHI01586",1126.0
Kedzie Ave & 83rd St,"23117, CHI01544",23117
Wells St & Randolph St,"CHI00266, TA1305000030",TA1305000030
Public Rack - Odell & Talcott,"1187.0, CHI01644",1187.0
Public Rack - Buffalo Ave & 133rd St,"672, CHI00784",672
Central Park Ave & 66th St,"24144, CHI01812",24144
Public Rack - Milwaukee Ave & Kennedy Expy,"1125.0, CHI01585",1125.0
Public Rack - Irving Park Rd & Melvina Ave,"1106.0, CHI01566",1106.0
Public Rack - Menard Ave & Belmont Ave,"562, CHI01044",562
Public Rack - Wilbur Wright College South,"1280.0, CHI01675",1280.0
Public Rack - Lockwood & Archer,"1235.0, CHI01724",1235.0
Western Ave & 62nd St,"348, CHI00899",348
Public Rack - Olmstead Ave & Oliphant Ave,"1155.0, CHI01613",1155.0
Public Rack - Imlay & Milwaukee,"1176.0, CHI01633",1176.0
Paulina Ave & 87th St,"23122, CHI01786",23122
Public Rack - Langley Ave & 49th St,"1012, CHI01467",1012
Cicero Ave & Roscoe Ave,"23165, CHI01801",23165
California Ave & Francis Pl,"13259, CHI00512",13259
Public Rack - Leamington & Elston,"1204.0, CHI01707",1204.0
Campbell Ave & Augusta Blvd,"410, CHI00888",410
Kilbourn Ave & Belden Ave,"21359, CHI01856",21359
Artesian Ave & Marquette Rd,"23142, CHI01793",23142
Public Rack - Harper Ave & 63rd St,"750, CHI01118",750
California Ave & Granville Ave,"23104, CHI01955",23104
St. Louis & 71st St,"23138, CHI01797",23138
Fort Dearborn Dr & 31st St*,"CHI02026, chargingstx06",chargingstx06
Leclaire Ave & Belmont Ave,"23171, CHI01764",23171
Central Ave & Wellington Ave,"23173, CHI01759",23173
Harding Ave & Division St,"24203, CHI01829",24203
Western Ave & 79th St,"23131, 714, CHI01803",23131
Public Rack - Milwaukee Ave & Higgins Ave,"1121.0, CHI01581",1121.0
Public Rack - Haft Ave & Milwaukee Ave,"1142.0, CHI01602",1142.0
Public Rack - Milwaukee Ave & Catalpa Ave,"1120.0, CHI01580",1120.0
Sacramento Ave & Pratt Blvd,"24147, CHI01832",24147
Public Rack - Forest Glen Station ,"1284.0, CHI01740",1284.0
Francisco Ave & Chicago Ave,"411, CHI00901, CHI02080",411
Damen Ave/Coulter St,"CHI00624, PI00001",PI00001
Bernard St & Peterson Ave,"24158, CHI01892",24158
Public Rack - Springfield Ave & Lawrence Ave,"1131.0, CHI01591",1131.0
Public Rack - Hiawatha & Mendota,"1175.0, CHI01632",1175.0
Stony Island Ave & 63rd St,"653B, CHI02031",653B
Public Rack - Overhill Ave & Touhy Ave,"1171.0, CHI01628",1171.0
Public Rack - Kingston Ave & 75th St,"949, CHI01426",949
Laramie Ave & Irving Park Rd,"23163, CHI01771",23163
Public Rack - Nashotah & Northwest Hwy,"1195.0, CHI01667",1195.0
Public Rack - Washington Park Ct & 51st St,"1072, CHI01524",1072
Narragansett Ave & McLean Ave,"21309, CHI00805",21309
Marshfield Ave & 44th St,"549, CHI01069",549
Public Rack - Milwaukee Ave & Lawrence Ave,"1123.0, CHI01583",1123.0
Public Rack - McVicker & 52nd,"1233.0, CHI01685",1233.0
Public Rack - King Dr & 71st St,"995, CHI01461",995
California Ave & 71st St,"23140, CHI01798",23140
Public Rack - Kenneth & Carmen,"1225.0, CHI01679",1225.0
Public Rack - Central Ave & Pensacola Ave,"1102.0, CHI01562",1102.0
Hamlin Ave & Grand Ave,"372, CHI00885",372
Kedzie Ave & Jackson Blvd,"24213, CHI01831",24213
Pine Ave & Division St,"24200, CHI01926",24200
Public Rack - Irving Park Rd & Leclaire Ave,"1113.0, CHI01573",1113.0
Public Rack - Cottage Grove Ave & 98th St,"699, CHI01125",699
Public Rack - Clyde Ave & 87th St,"986, CHI01452",986
Public Rack - Halsted St & 41st St,"912, CHI01378",912
Public Rack - Central & Leland,"1192.0, CHI01671",1192.0
Public Rack - Kimball & Ardmore,"1219.0, CHI01695",1219.0
Public Rack - Milwaukee Ave & Leland Ave,"1115.0, CHI01575",1115.0
Public Rack - Mont Clare Ave & Higgins Ave,"1118.0, CHI01578",1118.0
Mason Ave & Grand Ave,"1523185.1, CHI02017",1523185.1
Public Rack - Central Park & Peterson,"1218.0, CHI01691",1218.0
Public Rack - Sayer & Northwest Hwy,"1177.0, CHI01634",1177.0
Public Rack - Kedzie Ave & Walnut St,"1062, CHI01514",1062
Public Rack - Central Park & Bryn Mawr,"1222.0, CHI01657",1222.0
Public Rack - Langley Ave & 105th Pl,"610, CHI00997",610
Public Rack - Lynch & Elston,"1205.0, CHI01655",1205.0
Mayfield Ave & Roosevelt Rd,"21367, CHI01904",21367
Public Rack - Octavia Ave & Touhy Ave,"1173.0, CHI01630",1173.0
Public Rack - Cicero & 64th,"1242.0, CHI01729",1242.0
Public Rack - Keating & Peterson,"1211.0, CHI01712",1211.0
Public Rack - Delphina & Foster,"1181.0, CHI01638",1181.0
Columbus Ave & 79th St,"23128, CHI01805",23128
Public Rack - West Chatham Park,"656, CHI01058",656
Public Rack - Milwaukee Ave & Sunnyside Ave,"1109.0, CHI01569",1109.0
Indiana Ave & 133rd St,"20240, 24409, CHI00827, CHI01933",20240
Public Rack - Ottowa Ave & Touhy Ave,"1170.0, CHI01627",1170.0
Wood St & 84th St,"23124, CHI01781",23124
Public Rack - Lawndale Ave & Polk St,"522, CHI00666",522
Public Rack - Lotus Ave & Lawrence Ave,"1124.0, CHI01584",1124.0
Public Rack - Linder Ave & 64th Pl,"1084.0, CHI01536",1084.0
Pulaski Rd & 84th St,"23115, CHI01753",23115
Public Rack - Elston Ave & Gunnison St,"1130.0, CHI01590",1130.0
Public Rack - Irving Park Rd & Austin Ave,"1104.0, CHI01564",1104.0
Public Rack - Northwest Hwy & Bryn Mawr,"1197.0, CHI01654",1197.0
Wellington Ave & Mulligan Ave,"21351, CHI01899",21351
Public Rack - Michigan Ave & 119th St,"927, CHI01393",927
Lawler Ave & North Ave,"24198, CHI01830",24198
Public Rack - Canfield & Victoria,"1183.0, CHI01640",1183.0
Public Rack - Parkside & Elston,"1207.0, CHI01708",1207.0
Scottsdale Park,"23113, CHI01754",23113
Public Rack - Mango & Higgins,"1202.0, CHI01672",1202.0
Racine Ave & 57th St,"647, CHI01080",647
Damen Ave & 87th St,"23121, CHI01761",23121
Public Rack - Bryn Mawr Ave & Milwaukee Ave,"1146.0, CHI01606",1146.0
Public Rack - Washtenaw Ave & 63rd St,"758, CHI00987",758
Public Rack - Jeffery Blvd & 83rd St,"667, CHI00800",667
Public Rack - Oketo & Northwest Hwy,"1179.0, CHI01636",1179.0
Public Rack - Fullerton Ave & Lavergne Ave,"965, CHI01439",965
Public Rack - Garfield Park Conservatory,"1059, CHI01511",1059
Central Park Ave & Ardmore Ave,"24157, CHI01863",24157
Public Rack - Harlem & Palatine,"1178.0, CHI01635",1178.0
Columbus Ave & 83rd Pl,"23116, CHI01752",23116
Public Rack - Parkside & 63rd,"1240.0, CHI01650",1240.0
Pulaski Rd & 68th St,"24145, CHI01813",24145
Public Rack - St Louis & Lincoln,"1216.0, CHI01696",1216.0
Grace St & Central Ave,"23164, CHI01799",23164
Public Rack - Christiana & Lincoln,"1217.0, CHI01689",1217.0
Kostner Ave & Devon Ave,"24155, CHI01766",24155
Kedvale Ave & Peterson Ave,"24159, CHI01905",24159
Public Rack - Lowe Park,"817, CHI01223",817
Public Rack - Homan Ave & Lake St,"1060, CHI01512",1060
Public Rack - Winona St & Elston Ave,"1122.0, CHI01582",1122.0
Public Rack - Neola & Northwest Hwy,"1193.0, CHI01716",1193.0
Public Rack - Brighton Park Branch Chicago Library,"784, CHI01113",784
Public Rack - Irving Park Rd & Parkside Ave,"1105.0, CHI01565",1105.0
Public Rack - Albany Ave & 63rd St,"756, CHI01331",756
Public Rack - Talman Ave & Pershing Rd,"1040, CHI01494",1040
Public Rack - Hoyne Ave & 51st St,"1045, CHI01499",1045
Public Rack - Elston Ave & Kenneth Ave,"1129.0, CHI01589",1129.0
Mozart St & 79th St,"23129, CHI01817",23129
Public Rack - Wentworth Park,"1278.0, CHI01663",1278.0
Public Rack - Vincennes Ave & 95th Pl,"618, CHI00764",618
Public Rack - Western Ave & 96th St,"991, CHI01457",991
Public Rack - Cicero & Rosemont,"1210.0, CHI01702",1210.0
Public Rack - Chase Ave & Touhy Ave - NW,"481, CHI00952",481
Public Rack - Karlov Ave & Kamerling Ave,"520, CHI01017",520
Public Rack - Menard Ave & Dakin St - midblock,"559, CHI01167",559
S Wentworth Ave & W 111th St,"20128, CHI00826",20128
Public Rack - Menard Ave & Adams Blvd,"792, CHI01210",792
Public Rack - Kostner Ave & North Ave,"519, CHI01219",519
Public Rack - Martin Luther King Dr & 69th St,"746, CHI01115",746
Public Rack - Langley Ave & Oakwood Blvd,"957, CHI01428",957
Public Rack - Central Park Ave & Fulton Blvd,"1061, CHI01513",1061
Public Rack - Chappel Ave & 71st St,"737, CHI01195",737
Public Rack - Al Raby School,"521, CHI01286",521
Public Rack - Lake Shore Dr & Hayes Dr,"952, CHI01427",952
Public Rack - Ewing Ave & 107th St,"979, CHI01445",979
Public Rack - Austin Ave & Wellington Ave,"564, CHI01288",564
Woodlawn Ave & 75th St,"569, CHI00710",569
Public Rack - Central Ave & North Ave,"568, CHI01202",568
Public Rack - Hamlin Ave & Madison St,"1020, CHI01475",1020
Public Rack - Ashland Ave & 83rd St,"993, CHI01459",993
Public Rack - Pulaski Rd & Flournoy St,"1021, CHI01476",1021
Public Rack - Saginaw Ave & 93rd St,"942, CHI01408",942
Public Rack - East End Ave & 87th St,"883, CHI01350",883
Public Rack - Homan Ave & 111th St,"674, CHI00785",674
Public Rack - Vincennes Ave & 77th St,"946, CHI01418",946
Public Rack - Cornell Ave & 87th Pl,"941, CHI01407",941
Public Rack - Central Park Ave & Ogden Ave,"532, CHI00673",532
Public Rack - Pulaski Rd & 5th Ave,"960, CHI01434",960
Public Rack - Buffalo Ave & 89th St,"846, CHI01152",846
Public Rack - Foster Ave & Drake Ave,"1017, CHI01472",1017
Public Rack - Ewing Ave & 106th St,"980, CHI01446",980
Public Rack - Champlain Ave & 134th St,"670, CHI00777",670
Public Rack - Ewing Ave & 106th St NW,"612, CHI01077",612
Public Rack - Laflin St &51st ST,"1042, CHI01496",1042
Public Rack - Peterson Ave & Drake Ave,"1015, CHI01470",1015
Public Rack - Kostner Ave & 16th St,"934, CHI01400",934
Public Rack - Houston Ave & 130th St,"936, CHI01402",936
Public Rack - Norwood Park Station ,"1275.0, CHI01723",1275.0
Kedzie Ave & Archer Ave,"24243, 836, CHI01885",24243
Granville Ave & Pulaski Rd,"24156, CHI02053",24156
Archer Ave & Homan Ave,"24246, CHI01838",24246
Harlem Ave & Irving Park Rd,"21326, CHI01843",21326
Monitor Ave & Division St,"24199, CHI01873",24199
Public Rack - Bishop St & 46th St,"844, CHI01264",844
Narragansett Ave & Wrightwood Ave,"21314, CHI00812",21314
Western Ave & 43rd St,"24245, CHI01844",24245
Lexington St & California Ave,"23215, CHI01828",23215
Public Rack - N. Oakview and W. Gregory St,"1180.0, CHI01637",1180.0
Public Rack - Northwest Hwy & Neva Ave,"1157.0, CHI01615",1157.0
Harlem Ave & Bloomingdale Ave,"21377, CHI01792",21377
Public Rack - Linder & Elston,"1206.0, CHI01656",1206.0
La Villita Park,"21336, CHI01794",21336
Public Rack - Melvina Ave & Montrose Ave,"1100.0, CHI01560",1100.0
Springfield Ave & 80th St,"23126, CHI01757",23126
Woodlawn & 103rd,"20133, CHI00837",20133
Spaulding Ave & 63rd,"21349, CHI01927",21349
Public Rack - Karlov Ave & Lawrence Ave,"1127.0, CHI01587",1127.0
Grace St & Cicero Ave,"21322, CHI00815",21322
Public Rack - Ashland Ave & 46th St,"842, CHI01296",842
Public Rack - Longwood Dr & 111th St,"899, CHI01364",899
California Ave & 41st St,"24244, CHI01841",24244
Public Rack - Milwaukee Ave & Waveland Ave,"862, CHI01051",862
Mango Ave & North Ave,"24196, CHI01872",24196
Sayre Ave & Diversey Ave,"21352, CHI01871",21352
Public Rack - Kilpatrick & Elston,"1224.0, CHI01662",1224.0
Public Rack - William J Onahan Public School,"1136.0, CHI01596",1136.0
Public Rack - S Menard & W 63rd,"1239.0, CHI01682",1239.0
Public Rack - Norwood Park,"1194.0, CHI01703",1194.0
Public Rack - Kedvale Ave & 63rd St E,"764, CHI01138",764
Marmora Ave & Belmont Ave,"23170, CHI01783",23170
Meade Ave & Fullerton Ave,"24178, CHI01883",24178
Knox Ave & Marquette Ave,"24146, CHI01847",24146
Public Rack - Melvina Ave & Belmont Ave,"561, CHI01180",561
Major Ave & Addison St,"23166, CHI01791",23166
Public Rack - Princeton Ave & 43rd St,"785, CHI01249",785
Harding Ave & 31st St,"24234, CHI01930",24234
Public Rack - Calumet Ave & 103rd St,"609, CHI00758",609
Public Rack - Osceola Ave & Touhy Ave,"1174.0, CHI01631",1174.0
Public Rack - Montrose Ave & Lavergne Ave,"1114.0, CHI01574",1114.0
Public Rack - Central & Prescott,"1208.0, CHI01713",1208.0
Public Rack - Sacramento Blvd & Washington Blvd,"854, CHI01190",854
Public Rack - Hale Ave & 111th St,"901, CHI01366",901
Public Rack - Christiana Ave & 55th St,"774, CHI01311",774
Public Rack - 10101 S Stony Island Ave,"922, CHI01388",922
Public Rack - Peterson Ave & Milwaukee Ave,"1145.0, CHI01605",1145.0
Public Rack - Wilbur Wright College North,"1281.0, CHI01653",1281.0
Public Rack - 63rd St and Nagle Ave,"1086.0, CHI01538",1086.0
Public Rack - Neva & Foster,"1189.0, CHI01674",1189.0
Public Rack - Mulligan & Northwest Hwy,"1196.0, CHI01664",1196.0
Cicero Ave & Wellington Ave,"24174, CHI01864, Cicero Ave & Wellington Ave",24174
Public Rack - S. Kilpatrick and W. 79th,"1257.0, CHI01673",1257.0
Public Rack - Springfield & 79th,"1256.0, CHI01719",1256.0
Public Rack - Neenah & Dakin,"1190.0, CHI01678",1190.0
Western Ave & 81st St,"24130, CHI01809",24130
Public Rack - Lamon Ave & Archer Ave,"780, CHI01123",780
Public Rack - Cottage Grove & 84th St,"664, CHI01281",664
Public Rack - 53rd St & Indiana Ave,"959, CHI01412",959
Lamon Ave & 47th St,"24253, CHI01917",24253
Public Rack - Linder Ave & Archer Ave,"782, CHI01100",782
Public Rack - St Louis & 83rd,"1261.0, CHI01739",1261.0
Public Rack - Keystone Ave & North Ave,"518, CHI01096",518
Public Rack - Baltimore Ave & 132nd St,"584, CHI00726",584
Public Rack - Bensley Ave & 103rd St,"925, CHI01391",925
Public Rack - Loomis Blvd & 47th St,"1043, CHI01497",1043
Nagle Ave & Belmont Ave,"24324, 810, CHI01979",810
Midway Orange Line,"24289, 777, CHI01901",777
Ewing Ave & 106th St,"24402, 612, CHI01948",612
Public Rack - McVicker Ave & Grand Ave,"570, CHI01198",570
Public Rack - Ave L & 105th St,"981, CHI01447",981
Public Rack - Ewing Ave & 95th St,"982, CHI01448",982
Public Rack - Linder Ave & Belmont Ave,"545, CHI00686",545
WEST CHI-WATSON,"DIVVY 001, DIVVY 001 - Warehouse test station",DIVVY 001 - Warehouse test station
Public Rack - California Ave & Touhy Ave - midblock,"477, CHI00945",477
Public Rack - Pulaski Rd & Polk St,"962, CHI01431",962
Baltimore Ave & 133rd St,"24407, 581, CHI01947",581
Griffin Museum of Science and Industry,"CHI00574, KA1503000074",KA1503000074
Long Ave & Diversey Ave,"24326, CHI01932",24326
Public Rack - Ozark Ave & Addison St,"577, CHI00720",577
Public Rack - Bernard St & Foster Ave,"1133.0, CHI01593",1133.0
Public Rack - Houston Ave & 131st St,"585, CHI00727",585
Kilbourn Ave & Diversey Ave,"24323, CHI01993",24323
Public Rack - 2302 S Pulaski Rd,"537, CHI01260",537
Lockwood Ave & Grand Ave,"23187, CHI01758",23187
Lavergne Ave & 44th St,"24252, CHI01944",24252
Komensky Ave & 47th St,"24255, CHI01855",24255
Wood St & 33rd St,"24237, CHI01842",24237
Milwaukee Ave & Agatite Ave,"24367, CHI01938",24367
Public Rack - Austin Blvd & North Ave,"571, CHI01201",571
North Boundary Park,"24150, CHI01820",24150
Public Rack - Austin Ave & Archer Ave,"1096.0, CHI01556",1096.0
Kedzie Ave & 54th Pl,"24266, CHI01919",24266
Public Rack - Cottage Grove Ave & 92nd St,"649, CHI01179",649
Public Rack - Central Ave & Congress Pkwy,"789, CHI01039",789
Public Rack - Nina Ave & Avondale Ave,"1137.0, CHI01597",1137.0
California Ave & Madison St,"24212, CHI01836",24212
Public Rack - Irving Park Rd & Menard Ave,"1103.0, CHI01563",1103.0
Public Rack - Avers & Granville,"1215.0, CHI01648",1215.0
Public Rack - Newland Ave & Diversey Ave,"803, CHI01084",803
Nordica Ave & Medill Ave,"21378, CHI01782",21378
Public Rack - Minnehaha Ave & Devon Ave,"1166.0, CHI01623",1166.0
Public Rack - Pulaski & Ardmore,"1221.0, CHI01721",1221.0
Merrimac Park,"21323, CHI00814",21323
Homan Ave & 77th St,"24135, CHI01811",24135
Public Rack - Devon Ave & Kinzua Ave,"1164.0, CHI01621",1164.0
Public Rack - Ozman & Talcott,"1184.0, CHI01641",1184.0
Public Rack - Oak Park & Higgins,"1198.0, CHI01718",1198.0
Public Rack - Ford City Mall,"1243.0, CHI01711",1243.0
State St & 45th St,"24374, CHI02004",24374
Oconto Ave & Belmont Ave,"  24321, CHI01921",  24321
Public Rack - Stony Is Ave & 73rd St,"735, CHI00988",735
Public Rack - Albany Ave & 103rd St,"689, CHI01107",689
Damen Ave & 77th St,"24132, CHI01807",24132
Public Rack - Leoti Ave & Central Ave (north),"1162.0, CHI01619",1162.0
Wabash Ave & 49th St,"24340, CHI01987",24340
SCOOTERS CLASSIC - 2132 W Hubbard ST,"CHI02046, Hubbard Bike-checking (LBS-WH-TEST)",Hubbard Bike-checking (LBS-WH-TEST)
Laramie Ave & Bloomingdale Ave,"24194, CHI01906",24194
Public Rack - Lafayette Ave & 87th St - NW,"710, CHI01317",710
Linder Ave & Montrose Ave,"24366, CHI01982",24366
Kildare Ave & Archer Ave,"24285, CHI01978",24285
Mulligan Ave & Archer Ave,"24297, CHI01907",24297
Menard Ave & Lawrence Ave,"24369, CHI01910",24369
Milwaukee Ave & Ainslie St,"24370, CHI01942",24370
Burley Ave & 85th St,"24393, CHI01992",24393
Public Rack - Ave N & 106th St,"978, CHI01444",978
Mozart St & 55th St,"24267, CHI01909",24267
Public Rack - Ozanam Ave & Devon Ave,"1154.0, CHI01612",1154.0
Lavergne Ave & Lawrence Ave,"24371, CHI02002",24371
Public Rack - 4810 Keeler Ave,"1128.0, CHI01588",1128.0
Archer Ave & 49th St,"24257, CHI01969",24257
Orange Ave & Addison St,"21320, CHI00810",21320
Public Rack - Normandy Ave & Raven St,"1138.0, CHI01598",1138.0
Public Rack - Mason Ave & Roosevelt Rd,"791, CHI01153",791
Public Rack - Oketo & Talcott,"1186.0, CHI01643",1186.0
Kildare Ave & 85th St (Kostner Ave & 87th St TEMPORARY),"23114, CHI01755",23114
Martin Luther King Dr & 87th St,"24379, CHI01973",24379
University Ave & 65th St,"24376, CHI01994",24376
Hamilton Park,"24347, 725, CHI01916",24347
Kilbourn Ave & 49th St,"24258, CHI01975",24258
Pulaski Rd & 54th St,"24281, CHI01895",24281
Lavergne Ave & Diversey Ave,"24332, CHI01943",24332
Kedzie Ave & 60th St,"24273, CHI01900",24273
Public Rack - Nordica Ave & Higgins Ave,"1117.0, CHI01577",1117.0
Public Rack - Lowe Ave & 94th St,"708, CHI01308",708
Public Rack - Harlem and W. 59th,"1241.0, CHI01700",1241.0
Public Rack - W. Talcott & N. Oriole,"1185.0, CHI01642",1185.0
Burley Ave & 91st St,"24395, CHI01966",24395
Public Rack - Mason Ave & Milwaukee Ave,"1143.0, CHI01603",1143.0
Wabash Ave & 59th St,"24375, CHI02001",24375
Public Rack - Artesian & 71st,"1245.0, CHI01706",1245.0
Public Rack - Ewing Ave & 99th St,"639, CHI01206",639
Public Rack - Damen & 81st,"1272.0, CHI01733",1272.0
Public Rack - 85th Pl & Pulaski Rd,"1078.0, CHI01530",1078.0
Public Rack - Western Blvd & 53rd St,"820, CHI01231",820
Peterson/Ridge Metra,"24458, CHI01983",24458
Narragansett Ave & Montrose Ave,"24364, CHI01977",24364
Damen Ave & Lake St,"CHI00619, KA17018054",KA17018054
Loomis St & 95th St,"24358, CHI01970",24358
Lowell Ave & Armitage Ave,"1524189, CHI02024",1524189
Western Ave & 101st St,"24454, CHI01981",24454
Pulaski Rd & Ann Lurie Pl,"21340, CHI01950",21340
Portage Park,"24363, CHI01952",24363
St Louis Ave & 51st St,"24261, CHI01958",24261
Lawndale Ave & 59th St,"24279, CHI01896",24279
Aberdeen St & 103rd St,"24425, CHI01976",24425
Farragut Ave & Central Ave,"24476, CHI01964",24476
Michigan Ave & 108th St,"24418, CHI01972",24418
Commercial Ave & 97th St,"24398, CHI01931",24398
Lynch Ave & Elston Ave,"24477, CHI02000",24477
Michigan Ave & 113th St,"24415, CHI01963",24415
Melvina Ave & Giddings Ave,"24368, CHI01954",24368
Avers Ave & 16th St,"24225, CHI01908",24225
Stewart Ave & 123rd St,"24412, CHI01953",24412
Narragansett Ave & North Ave,"24308, CHI01920",24308
Ewing Ave & 97th St,"24400, CHI01991",24400
Commercial Ave & 90th St,"24392, CHI01961",24392
Sacramento Ave & 51st St,"24263, CHI01890",24263
Princeton Ave & 95th St,"24360, CHI01968",24360
Homan Ave & Arthington Ave,"24220, CHI01835",24220
Throop St & 99th St,"24423, CHI01959",24423
Michigan Ave & 105th St,"24420, CHI01960",24420
Wallace St & Pershing Rd,"24338, CHI01935",24338
Halsted St & 93rd St,"24356, CHI01929",24356
Pulaski Rd & 60th Pl,"24283, CHI01884",24283
Vincennes Ave & 107th St,"24427, CHI01971",24427
State St & 111th St,"24417, CHI01941",24417
Menard Ave & Milwaukee Ave,"24478, CHI02003",24478
Vincennes Ave & 95th St,"24359, CHI01912",24359
Public Rack - Oak Park Ave & Foster Ave,"1116.0, CHI01576",1116.0
Shields Ave & 57th St,"24341, CHI01936",24341
Mason Ave & Montrose Ave,"24365, CHI01967",24365
Overhill Ave & Belmont Ave,"24322, CHI01922",24322
Wentworth Ave & 92nd St,"24362, CHI01924",24362
Cumberland Ave & Catherine Ave,"24467, CHI01985",24467
Wentworth Ave & 107th St,"24419, CHI01939",24419
Racine Ave & 115th St,"24432, CHI01965",24432
Rockwell St & 47th St,"24250, CHI01874",24250
Ada St & 113th Place,"20129, CHI00825",20129
Laflin St & 115th St,"24431, CHI01956",24431
Newcastle Ave & Irving Park Rd,"24335, CHI01974",24335
Halsted St & 123rd St,"24440, CHI01989",24440
Oriole Ave & Irving Park Rd,"24333, CHI01934",24333
Public Rack - Oglesby Ave & 95th St,"634, CHI00749",634
Public Rack - Ada St & 119th St,"917, CHI01383",917
Eggleston Ave & 115th St,"24433, CHI02018",24433
Homan Ave & 26th St,"24230, CHI01854",24230
Vincennes Ave & 79th St,"24352, CHI01937",24352
Public Rack - Sawyer Ave & 111th St,"675, CHI01054",675
Ewing Ave & 98th St,"24401, CHI01949",24401
Public Rack - Trumbull Ave & 111th St,"676, CHI01053",676
Parnell Ave & 127th St,"24411, CHI01940",24411
Halsted St & 83rd St,"24353, CHI01999",24353
Public Rack - Torrence Ave  & 106th St,"923, CHI01389",923
Public Rack - Northwest Hwy & Overhill Ave,"1156.0, CHI01614",1156.0
Public Rack - Hamlin Ave & Chicago Ave,"515, CHI01211",515
Public Rack - Justine St & 87th St,"642, CHI01011",642
Public Rack - Pulaski Rd & Roosevelt Rd,"523, CHI00667",523
Manistee Ave & 95th St,"24396, CHI01951",24396
Public Rack - Commercial Ave & 89th St,"651, CHI01303",651
Public Rack - Rockwell Ave & 71st St,"1081.0, CHI01533",1081.0
Public Rack - Pulaski & 84th,"1260.0, CHI01668",1260.0
Public Rack - Bradley Park,"633, CHI01258",633
Public Rack - Torrence Ave & 98th St,"632, CHI01159",632
Public Rack - Avenue O & 118th St,"597, CHI01156",597
Public Rack - Houston Ave & 91st St,"650, CHI01120",650
Public Rack - Cottage Grove & 86th St,"662, CHI01270",662
Public Rack - Orville T Bright School,"850, CHI01262",850
Archer & Wentworth,"25001, CHI02006",CHI02006
Wells St & Randolph St Corral,"CHI01540, Corral 18",CHI01540
Central & Elston,"25479, CHI02016",CHI02016
Clark/Racine,"CHI02036, Corral 9",CHI02036
LaSalle St & Adams St Corral,"CHI00963, Corral 20",CHI00963
Franklin St & Adams St ,"CHI00453, TA1309000008",CHI00453
Wabansia & Milwaukee,"CHI00622, T13243",CHI00622
Addison Red Line,"CHI00960, Corral 7",CHI00960
Addison/Racine,"CHI01833, Corral 10",CHI01833
Franklin St & Adams St Corral,"CHI01543, Corral 14",CHI01543
LaSalle St & Jackson Blvd Corral,"CHI00961, Corral 21",CHI00961
LaSalle St & Washington St Corral N,"CHI01756, Corral 15",CHI01756
Clark/Newport,"CHI01814, Corral 12",CHI01814
Higgins Ave & Austin Ave,"24459, CHI01984",CHI01984
Wacker Dr & Washington St Corral,"CHI01815, Corral 17",CHI01815
Ave L & 114th,"25405, CHI01990",CHI01990
Franklin St & Monroe St Corral,"CHI01541, Corral 19",CHI01541
Dearborn St & Adams St Corral,"CHI00964, Corral 22",CHI00964
Waveland/Racine,"CHI01769, Corral 13",CHI01769
Public Rack - California & 71st,"1246.0, CHI01726",CHI01726
Grace/Sheffield,"CHI02035, Corral 8",CHI02035
Clark/Eddy,"CHI01878, Corral 11",CHI01878
Milwaukee Ave & Highland Ave,"25490, CHI02015",CHI02015
Austin Ave & Milwaukee Ave,"24480, CHI01995",CHI01995
Edgebrook Metra,"24499, CHI02027",CHI02027
Elston Ave & Carmen Ave,"24472, CHI01986",CHI01986
Daley Center Plaza Corral,"CHI00965, Corral 23",CHI00965
Major Taylor Trail & 111th St,"25429, CHI02010",CHI02010
Pulaski Rd & 75th St,"25134, CHI01998",CHI01998
Avers Ave & Foster Ave,"24111, CHI01810",CHI01810
Eggleston Ave & 111th St,"24430, CHI01957",CHI01957
Hyacinth Ave & Milwaukee Ave,"25481, CHI02014",CHI02014
Hastings LWS,"2059, CHI01665",CHI01665
Public Rack - Ewing Ave & Indianapolis Ave,"638, CHI00976",CHI00976
Le Mai Ave & Devon Ave,"25498, CHI02008",CHI02008
Karlov Ave & Fillmore St,"25218, CHI01997",CHI01997
Kedzie Ave & 38th Pl,"24240, CHI01839",CHI01839
Halsted St & 119th St,"25437, CHI02005",CHI02005
Public Rack - Exchange Ave & 131st St,"582, CHI01242",CHI01242
Public Rack - 63rd St and Natoma Ave,"1082.0, CHI01534",CHI01534
State St & 127th St,"24410, CHI01946",CHI01946
Steelworkers Park (Updated),"20241.1, CHI00869",CHI00869
Public Rack - Plainfield Ave & Irving Park Rd,"576, CHI00719",CHI00719
Public Rack - 83rd St (Avalon Park) Metra,"665, CHI00775",CHI00775
Public Rack - Emil G Hirch Metropolitan High School,"729, CHI01062",CHI01062
